[2026-08-11 15:58:37] [INFO] [SYSTEM] HR Resume Screening System logger initialized
[2026-08-11 15:58:37] [INFO] [SYSTEM] Application started
[2026-08-11 15:58:37] [INFO] [AUTH] Application ready; awaiting signup or login
[2026-08-11 15:58:37] [INFO] [SYSTEM] Application exit requested
[2026-08-11 15:58:37] [INFO] [SYSTEM] HR Resume Screening System logger closed
[2026-08-11 16:18:35] [INFO] [SYSTEM] HR Resume Screening System logger initialized
[2026-08-11 16:18:35] [INFO] [THREAD_POOL] Worker 139628045108928 started resume: tests/fixtures/resume_strong.txt
[2026-08-11 16:18:35] [INFO] [RESUME_PROCESSING] Resume processing started
[2026-08-11 16:18:35] [INFO] [THREAD_POOL] Worker 139628036716224 started resume: tests/fixtures/resume_weak.txt
[2026-08-11 16:18:35] [INFO] [RESUME_PROCESSING] TXT resume read successfully
[2026-08-11 16:18:35] [INFO] [THREAD_POOL] Worker 139628019930816 started resume: tests/fixtures/resume_weak.txt
[2026-08-11 16:18:35] [INFO] [THREAD_POOL] Worker 139628028323520 started resume: tests/fixtures/resume_strong.txt
[2026-08-11 16:18:35] [INFO] [THREAD_POOL] Worker 139628045108928 completed preprocessing: tests/fixtures/resume_strong.txt
[2026-08-11 16:18:35] [INFO] [RESUME_PROCESSING] Resume processing started
[2026-08-11 16:18:35] [INFO] [RESUME_PROCESSING] Resume processing started
[2026-08-11 16:18:35] [INFO] [RESUME_PROCESSING] TXT resume read successfully
[2026-08-11 16:18:35] [INFO] [RESUME_PROCESSING] TXT resume read successfully
[2026-08-11 16:18:35] [INFO] [RESUME_PROCESSING] Resume processing started
[2026-08-11 16:18:35] [INFO] [THREAD_POOL] Worker 139628028323520 completed preprocessing: tests/fixtures/resume_strong.txt
[2026-08-11 16:18:35] [INFO] [THREAD_POOL] Worker 139628036716224 completed preprocessing: tests/fixtures/resume_weak.txt
[2026-08-11 16:18:35] [INFO] [RESUME_PROCESSING] TXT resume read successfully
[2026-08-11 16:18:35] [INFO] [THREAD_POOL] Worker 139628019930816 completed preprocessing: tests/fixtures/resume_weak.txt
[2026-08-11 16:18:35] [INFO] [THREAD_POOL] Parallel resume stage completed: 4 resume(s), 4 worker thread(s)
[2026-08-11 16:18:35] [INFO] [SYSTEM] HR Resume Screening System logger closed
[2026-08-11 16:19:03] [INFO] [SYSTEM] HR Resume Screening System logger initialized
[2026-08-11 16:19:03] [INFO] [THREAD_POOL] Worker 140055050409664 started resume: tests/fixtures/resume_strong.txt
[2026-08-11 16:19:03] [INFO] [RESUME_PROCESSING] Resume processing started
[2026-08-11 16:19:03] [INFO] [THREAD_POOL] Worker 140055042016960 started resume: tests/fixtures/resume_weak.txt
[2026-08-11 16:19:03] [INFO] [RESUME_PROCESSING] TXT resume read successfully
[2026-08-11 16:19:03] [INFO] [THREAD_POOL] Worker 140055025231552 started resume: tests/fixtures/resume_weak.txt
[2026-08-11 16:19:03] [INFO] [THREAD_POOL] Worker 140055033624256 started resume: tests/fixtures/resume_strong.txt
[2026-08-11 16:19:03] [INFO] [THREAD_POOL] Worker 140055050409664 completed preprocessing: tests/fixtures/resume_strong.txt
[2026-08-11 16:19:03] [INFO] [RESUME_PROCESSING] Resume processing started
[2026-08-11 16:19:03] [INFO] [RESUME_PROCESSING] TXT resume read successfully
[2026-08-11 16:19:03] [INFO] [RESUME_PROCESSING] Resume processing started
[2026-08-11 16:19:03] [INFO] [RESUME_PROCESSING] TXT resume read successfully
[2026-08-11 16:19:03] [INFO] [RESUME_PROCESSING] Resume processing started
[2026-08-11 16:19:03] [INFO] [RESUME_PROCESSING] TXT resume read successfully
[2026-08-11 16:19:03] [INFO] [THREAD_POOL] Worker 140055025231552 completed preprocessing: tests/fixtures/resume_weak.txt
[2026-08-11 16:19:03] [INFO] [THREAD_POOL] Worker 140055042016960 completed preprocessing: tests/fixtures/resume_weak.txt
[2026-08-11 16:19:03] [INFO] [THREAD_POOL] Worker 140055033624256 completed preprocessing: tests/fixtures/resume_strong.txt
[2026-08-11 16:19:03] [INFO] [THREAD_POOL] Parallel resume stage completed: 4 resume(s), 4 worker thread(s)
[2026-08-11 16:19:03] [INFO] [SYSTEM] HR Resume Screening System logger closed
<<<<<<< HEAD
[2026-08-12 15:43:38] [INFO] [RESUME_UPLOAD] Resume validated and queued for processing
[2026-08-12 15:43:38] [ERROR] [RESUME_UPLOAD] Resume file not found
[2026-08-12 15:43:38] [WARNING] [RESUME_UPLOAD] Resume rejected: empty file
[2026-08-12 15:43:38] [WARNING] [RESUME_UPLOAD] Resume rejected: unsupported file type
[2026-08-12 15:43:38] [WARNING] [RESUME_UPLOAD] Resume rejected: invalid PDF header
[2026-08-12 15:43:38] [INFO] [RESUME_UPLOAD] Resume validated and queued for processing
[2026-08-12 15:43:38] [WARNING] [RESUME_UPLOAD] Resume rejected: invalid text content
[2026-08-12 15:43:38] [INFO] [RESUME_UPLOAD] Resume validated and queued for processing
[2026-08-12 15:43:38] [INFO] [RESUME_UPLOAD] Resume validated and queued for processing
[2026-08-12 15:43:38] [INFO] [RESUME_UPLOAD] Resume validated and queued for processing
[2026-08-12 15:43:38] [INFO] [RESUME_UPLOAD] Resume validated and queued for processing
[2026-08-12 15:43:38] [INFO] [RESUME_UPLOAD] Resume validated and queued for processing
[2026-08-12 15:43:38] [INFO] [RESUME_UPLOAD] Resume validated and queued for processing
[2026-08-12 15:43:38] [INFO] [RESUME_UPLOAD] Resume validated and queued for processing
[2026-08-12 15:43:38] [INFO] [RESUME_UPLOAD] Resume validated and queued for processing
[2026-08-12 15:43:38] [INFO] [RESUME_UPLOAD] Resume validated and queued for processing
[2026-08-12 15:43:38] [INFO] [RESUME_UPLOAD] Resume validated and queued for processing
[2026-08-12 15:43:38] [INFO] [RESUME_UPLOAD] Resume validated and queued for processing
[2026-08-12 15:43:38] [INFO] [RESUME_UPLOAD] Resume validated and queued for processing
[2026-08-12 15:43:38] [INFO] [RESUME_UPLOAD] Resume validated and queued for processing
[2026-08-12 15:43:38] [INFO] [RESUME_UPLOAD] Resume validated and queued for processing
[2026-08-12 15:43:38] [INFO] [RESUME_UPLOAD] Resume validated and queued for processing
[2026-08-12 15:43:38] [INFO] [RESUME_UPLOAD] Resume validated and queued for processing
[2026-08-12 15:43:38] [INFO] [RESUME_UPLOAD] Resume validated and queued for processing
[2026-08-12 15:43:38] [INFO] [RESUME_UPLOAD] Resume validated and queued for processing
[2026-08-12 15:43:38] [INFO] [RESUME_UPLOAD] Resume validated and queued for processing
[2026-08-12 15:43:38] [INFO] [RESUME_UPLOAD] Resume validated and queued for processing
[2026-08-12 15:43:38] [INFO] [RESUME_UPLOAD] Resume validated and queued for processing
[2026-08-12 15:43:38] [INFO] [RESUME_UPLOAD] Resume validated and queued for processing
[2026-08-12 15:43:38] [INFO] [RESUME_UPLOAD] Resume validated and queued for processing
[2026-08-12 15:43:38] [INFO] [RESUME_UPLOAD] Resume validated and queued for processing
[2026-08-12 15:43:38] [INFO] [RESUME_UPLOAD] Resume validated and queued for processing
[2026-08-12 15:43:38] [INFO] [RESUME_UPLOAD] Resume validated and queued for processing
[2026-08-12 15:43:38] [INFO] [RESUME_UPLOAD] Resume validated and queued for processing
[2026-08-12 15:43:38] [INFO] [RESUME_UPLOAD] Resume validated and queued for processing
[2026-08-12 15:43:38] [INFO] [RESUME_UPLOAD] Resume validated and queued for processing
[2026-08-12 15:43:38] [INFO] [RESUME_UPLOAD] Resume validated and queued for processing
[2026-08-12 15:43:38] [INFO] [RESUME_UPLOAD] Resume validated and queued for processing
[2026-08-12 15:43:38] [INFO] [RESUME_UPLOAD] Resume validated and queued for processing
[2026-08-12 15:43:38] [INFO] [RESUME_UPLOAD] Resume validated and queued for processing
[2026-08-12 15:43:38] [INFO] [RESUME_UPLOAD] Resume validated and queued for processing
[2026-08-12 15:43:38] [INFO] [RESUME_UPLOAD] Resume validated and queued for processing
[2026-08-12 15:43:38] [INFO] [RESUME_UPLOAD] Resume validated and queued for processing
[2026-08-12 15:43:38] [INFO] [RESUME_UPLOAD] Resume validated and queued for processing
[2026-08-12 15:43:38] [INFO] [RESUME_UPLOAD] Resume validated and queued for processing
[2026-08-12 15:43:38] [INFO] [RESUME_UPLOAD] Resume validated and queued for processing
[2026-08-12 15:43:38] [INFO] [RESUME_UPLOAD] Resume validated and queued for processing
[2026-08-12 15:43:38] [INFO] [RESUME_UPLOAD] Resume validated and queued for processing
[2026-08-12 15:43:38] [INFO] [RESUME_UPLOAD] Resume validated and queued for processing
[2026-08-12 15:43:38] [INFO] [RESUME_UPLOAD] Resume validated and queued for processing
[2026-08-12 15:43:38] [INFO] [RESUME_UPLOAD] Resume validated and queued for processing
[2026-08-12 15:43:38] [INFO] [RESUME_UPLOAD] Resume validated and queued for processing
[2026-08-12 15:43:38] [INFO] [RESUME_UPLOAD] Resume validated and queued for processing
[2026-08-12 15:43:38] [INFO] [RESUME_UPLOAD] Resume validated and queued for processing
[2026-08-12 15:43:38] [INFO] [RESUME_UPLOAD] Resume validated and queued for processing
[2026-08-12 15:43:38] [INFO] [RESUME_UPLOAD] Resume validated and queued for processing
[2026-08-12 15:43:38] [INFO] [RESUME_UPLOAD] Resume validated and queued for processing
[2026-08-12 15:43:38] [ERROR] [RESUME_UPLOAD] Resume queue capacity reached
[2026-08-12 15:43:38] [INFO] [RESUME_UPLOAD] Bulk resume scan completed
[2026-08-12 15:43:38] [WARNING] [RESUME_UPLOAD] Resume rejected: file exceeds 5 MB limit
[2026-08-12 15:43:38] [INFO] [COVERAGE] info message
[2026-08-12 15:43:38] [WARNING] [COVERAGE] warning message
[2026-08-12 15:43:38] [ERROR] [COVERAGE] error message
[2026-08-12 15:43:38] [INFO] [GENERAL] 
[2026-08-12 15:43:38] [WARNING] [GENERAL] 
[2026-08-12 15:43:38] [ERROR] [GENERAL] 
[2026-08-12 15:43:38] [INFO] [SYSTEM] HR Resume Screening System logger closed
[2026-08-12 15:43:38] [INFO] [COVERAGE] lazy reopen
[2026-08-12 15:43:38] [INFO] [SYSTEM] HR Resume Screening System logger closed
[2026-08-12 15:43:38] [INFO] [REPORT] CSV report generated with explainable score components
[2026-08-12 15:43:38] [INFO] [REPORT] TXT report generated with score breakdown
[2026-08-12 15:43:38] [INFO] [REPORT] Full report generated with automatic shortlist threshold and status
[2026-08-12 15:43:38] [ERROR] [REPORT] CSV report file could not be opened
[2026-08-12 15:43:38] [ERROR] [REPORT] TXT report file could not be opened
[2026-08-12 15:43:38] [INFO] [REPORT] CSV report generated with explainable score components
[2026-08-12 15:43:38] [INFO] [REPORT] TXT report generated with score breakdown
[2026-08-12 15:43:38] [INFO] [REPORT] Full report generated with automatic shortlist threshold and status
[2026-08-12 15:43:38] [INFO] [RESUME_PROCESSING] Resume processing started
[2026-08-12 15:43:38] [INFO] [RESUME_PROCESSING] TXT resume read successfully
[2026-08-12 15:43:38] [ERROR] [RESUME_PROCESSING] ReadResume called with empty path
[2026-08-12 15:43:38] [ERROR] [RESUME_PROCESSING] ReadResume called with empty path
[2026-08-12 15:43:38] [WARNING] [RESUME_PROCESSING] Resume is empty or unavailable
[2026-08-12 15:43:38] [WARNING] [RESUME_PROCESSING] Resume is empty or unavailable
[2026-08-12 15:43:38] [INFO] [RESUME_PROCESSING] Resume processing started
[2026-08-12 15:43:38] [INFO] [PDF_PROCESSING] PDF text extraction started
[2026-08-12 15:43:38] [ERROR] [PDF_PROCESSING] PDF text extraction failed
[2026-08-12 15:43:38] [WARNING] [RESUME_PROCESSING] Resume exceeds 5 MB processing limit
[2026-08-12 15:43:38] [INFO] [THREAD_POOL] Worker 139943552849600 started resume: tests_tmp_cov/missing.txt
[2026-08-12 15:43:38] [WARNING] [RESUME_PROCESSING] Resume is empty or unavailable
[2026-08-12 15:43:38] [ERROR] [THREAD_POOL] Worker 139943552849600 failed to read resume: tests_tmp_cov/missing.txt
[2026-08-12 15:43:38] [INFO] [THREAD_POOL] Worker 139943552849600 started resume: tests_tmp_cov/resume.txt
[2026-08-12 15:43:38] [INFO] [RESUME_PROCESSING] Resume processing started
[2026-08-12 15:43:38] [INFO] [RESUME_PROCESSING] TXT resume read successfully
[2026-08-12 15:43:38] [INFO] [THREAD_POOL] Worker 139943552849600 completed preprocessing: tests_tmp_cov/resume.txt
[2026-08-12 15:43:38] [INFO] [THREAD_POOL] Parallel resume stage completed: 2 resume(s), 1 worker thread(s)
[2026-08-12 15:43:38] [WARNING] [SHORTLIST] Rejected invalid shortlist threshold; valid range is 0-100
[2026-08-12 15:43:38] [WARNING] [SHORTLIST] Rejected invalid shortlist threshold; valid range is 0-100
[2026-08-12 15:43:38] [INFO] [SHORTLIST] HR shortlist threshold set to 70%
[2026-08-12 15:43:38] [INFO] [SHORTLIST] HR shortlist threshold set to 70%
[2026-08-12 15:43:38] [INFO] [SHORTLIST] Automatic shortlisting completed: 1 of 2 candidate(s) scored >= 70%
[2026-08-12 15:43:38] [INFO] [SHORTLIST] Automatic shortlist file generated
[2026-08-12 15:43:38] [INFO] [SHORTLIST] Automatic shortlist file generated
[2026-08-12 15:43:38] [WARNING] [AUTH] Signup rejected: invalid email format
[2026-08-12 15:43:38] [WARNING] [AUTH] Signup rejected: invalid email format
[2026-08-12 15:43:38] [WARNING] [AUTH] Signup rejected: password policy violation
[2026-08-12 15:43:38] [WARNING] [AUTH] Signup rejected: invalid email format
[2026-08-12 15:43:38] [WARNING] [AUTH] Signup rejected: invalid email format
[2026-08-12 15:43:38] [WARNING] [AUTH] Signup rejected: invalid email format
[2026-08-12 15:43:38] [WARNING] [AUTH] Signup rejected: invalid email format
[2026-08-12 15:43:38] [WARNING] [AUTH] Signup rejected: invalid email format
[2026-08-12 15:43:38] [WARNING] [AUTH] Login rejected: invalid email format
[2026-08-12 15:43:38] [INFO] [AUTH] Signup successful; credential stored with unique salt and SHA-256 hash
[2026-08-12 15:43:38] [WARNING] [AUTH] Signup rejected: duplicate email
[2026-08-12 15:43:38] [WARNING] [AUTH] Login failed: invalid credentials
[2026-08-12 15:43:38] [INFO] [AUTH] Login successful
[2026-08-12 15:43:38] [INFO] [AUTH] User logout successful
[2026-08-12 15:43:38] [WARNING] [AUTH] Logout requested with no active session
[2026-08-12 15:43:39] [WARNING] [AUTH] Password change failed: old password incorrect or user not found
[2026-08-12 15:43:39] [INFO] [AUTH] Password changed successfully with a new salt
[2026-08-12 15:43:39] [INFO] [AUTH] Login successful
[2026-08-12 15:43:39] [INFO] [AUTH] User logout successful
[2026-08-12 15:43:39] [WARNING] [AUTH] Password change rejected: validation failed
[2026-08-12 15:43:39] [INFO] [AUTH] Signup successful; credential stored with unique salt and SHA-256 hash
[2026-08-12 15:43:39] [INFO] [AUTH] Signup successful; credential stored with unique salt and SHA-256 hash
[2026-08-12 15:43:39] [WARNING] [AUTH] Signup rejected: duplicate email
[2026-08-12 15:43:39] [INFO] [AUTH] Signup successful; credential stored with unique salt and SHA-256 hash
[2026-08-12 15:43:39] [INFO] [AUTH] Signup successful; credential stored with unique salt and SHA-256 hash
[2026-08-12 15:43:39] [INFO] [AUTH] Signup successful; credential stored with unique salt and SHA-256 hash
[2026-08-12 15:43:39] [INFO] [AUTH] Signup successful; credential stored with unique salt and SHA-256 hash
[2026-08-12 15:43:39] [WARNING] [AUTH] Signup rejected: duplicate email
[2026-08-12 15:43:39] [WARNING] [AUTH] Signup rejected: invalid email format
[2026-08-12 15:43:39] [WARNING] [AUTH] Signup rejected: invalid email format
[2026-08-12 15:43:39] [WARNING] [AUTH] Signup rejected: invalid email format
[2026-08-12 15:43:39] [WARNING] [AUTH] Signup rejected: invalid email format
[2026-08-12 15:43:39] [WARNING] [AUTH] Signup rejected: invalid email format
[2026-08-12 15:43:39] [WARNING] [AUTH] Signup rejected: invalid email format
[2026-08-12 15:43:39] [WARNING] [AUTH] Signup rejected: invalid email format
[2026-08-12 15:43:39] [WARNING] [AUTH] Signup rejected: password policy violation
[2026-08-12 15:43:39] [INFO] [AUTH] Signup successful; credential stored with unique salt and SHA-256 hash
[2026-08-12 15:43:39] [INFO] [AUTH] Login successful
[2026-08-12 15:43:39] [INFO] [AUTH] Signup successful; credential stored with unique salt and SHA-256 hash
[2026-08-12 15:43:39] [WARNING] [AUTH] Login failed: invalid credentials
[2026-08-12 15:43:39] [INFO] [AUTH] Signup successful; credential stored with unique salt and SHA-256 hash
[2026-08-12 15:43:39] [WARNING] [AUTH] Login failed: invalid credentials
[2026-08-12 15:43:39] [INFO] [AUTH] Signup successful; credential stored with unique salt and SHA-256 hash
[2026-08-12 15:43:39] [INFO] [AUTH] Login successful
[2026-08-12 15:43:39] [INFO] [AUTH] Signup successful; credential stored with unique salt and SHA-256 hash
[2026-08-12 15:43:39] [INFO] [AUTH] Login successful
[2026-08-12 15:43:39] [INFO] [AUTH] User logout successful
[2026-08-12 15:43:39] [INFO] [AUTH] Signup successful; credential stored with unique salt and SHA-256 hash
[2026-08-12 15:43:39] [INFO] [AUTH] Password changed successfully with a new salt
[2026-08-12 15:43:39] [INFO] [AUTH] Login successful
[2026-08-12 15:43:39] [WARNING] [AUTH] Login failed: invalid credentials
[2026-08-12 15:43:39] [INFO] [AUTH] Signup successful; credential stored with unique salt and SHA-256 hash
[2026-08-12 15:43:39] [WARNING] [AUTH] Password change failed: old password incorrect or user not found
[2026-08-12 15:43:39] [INFO] [AUTH] Login successful
[2026-08-12 15:43:39] [INFO] [SCORING] Score explanation: Skill=50/50, Experience=6/15, Education=10/10, Projects=14/20, Certifications=2/5, Final=82/100
[2026-08-12 15:43:39] [INFO] [SCORING] Score explanation: Skill=50/50, Experience=15/15, Education=10/10, Projects=20/20, Certifications=5/5, Final=100/100
[2026-08-12 15:43:39] [INFO] [SHORTLIST] HR shortlist threshold set to 70%
[2026-08-12 15:43:39] [INFO] [SHORTLIST] Automatic shortlisting completed: 2 of 3 candidate(s) scored >= 70%
[2026-08-12 15:43:39] [WARNING] [SHORTLIST] Rejected invalid shortlist threshold; valid range is 0-100
[2026-08-12 15:43:39] [WARNING] [SHORTLIST] Rejected invalid shortlist threshold; valid range is 0-100
[2026-08-12 15:43:39] [INFO] [SHORTLIST] HR shortlist threshold set to 0%
[2026-08-12 15:43:39] [INFO] [SHORTLIST] Automatic shortlisting completed: 3 of 3 candidate(s) scored >= 0%
[2026-08-12 15:43:39] [INFO] [THREAD_POOL] Worker 139943552849600 started resume: tests/fixtures/resume_strong.txt
[2026-08-12 15:43:39] [INFO] [THREAD_POOL] Worker 139943544456896 started resume: tests/fixtures/resume_weak.txt
[2026-08-12 15:43:39] [INFO] [THREAD_POOL] Worker 139943536064192 started resume: tests/fixtures/resume_strong.txt
[2026-08-12 15:43:39] [INFO] [RESUME_PROCESSING] Resume processing started
[2026-08-12 15:43:39] [INFO] [RESUME_PROCESSING] Resume processing started
[2026-08-12 15:43:39] [INFO] [RESUME_PROCESSING] Resume processing started
[2026-08-12 15:43:39] [INFO] [RESUME_PROCESSING] TXT resume read successfully
[2026-08-12 15:43:39] [INFO] [THREAD_POOL] Worker 139943536064192 completed preprocessing: tests/fixtures/resume_strong.txt
[2026-08-12 15:43:39] [INFO] [RESUME_PROCESSING] TXT resume read successfully
[2026-08-12 15:43:39] [INFO] [THREAD_POOL] Worker 139943544456896 completed preprocessing: tests/fixtures/resume_weak.txt
[2026-08-12 15:43:39] [INFO] [RESUME_PROCESSING] TXT resume read successfully
[2026-08-12 15:43:39] [INFO] [THREAD_POOL] Worker 139943552849600 completed preprocessing: tests/fixtures/resume_strong.txt
[2026-08-12 15:43:39] [INFO] [THREAD_POOL] Parallel resume stage completed: 3 resume(s), 3 worker thread(s)
[2026-08-12 15:43:39] [INFO] [THREAD_POOL] Worker 139943536064192 started resume: tests/fixtures/resume_strong.txt
[2026-08-12 15:43:39] [INFO] [THREAD_POOL] Worker 139943544456896 started resume: tests/fixtures/resume_weak.txt
[2026-08-12 15:43:39] [INFO] [RESUME_PROCESSING] Resume processing started
[2026-08-12 15:43:39] [INFO] [RESUME_PROCESSING] Resume processing started
[2026-08-12 15:43:39] [INFO] [RESUME_PROCESSING] TXT resume read successfully
[2026-08-12 15:43:39] [INFO] [THREAD_POOL] Worker 139943536064192 completed preprocessing: tests/fixtures/resume_strong.txt
[2026-08-12 15:43:39] [INFO] [RESUME_PROCESSING] TXT resume read successfully
[2026-08-12 15:43:39] [INFO] [THREAD_POOL] Worker 139943544456896 completed preprocessing: tests/fixtures/resume_weak.txt
[2026-08-12 15:43:39] [INFO] [THREAD_POOL] Parallel resume stage completed: 2 resume(s), 2 worker thread(s)
[2026-08-12 15:43:39] [INFO] [RESUME_PROCESSING] Resume processing started
[2026-08-12 15:43:39] [INFO] [RESUME_PROCESSING] TXT resume read successfully
[2026-08-12 15:43:39] [INFO] [SCORING] Score explanation: Skill=40/50, Experience=9/15, Education=10/10, Projects=20/20, Certifications=2/5, Final=81/100
[2026-08-12 15:43:39] [INFO] [RESUME_PROCESSING] Resume processing started
[2026-08-12 15:43:39] [INFO] [RESUME_PROCESSING] TXT resume read successfully
[2026-08-12 15:43:39] [INFO] [SCORING] Score explanation: Skill=50/50, Experience=12/15, Education=10/10, Projects=20/20, Certifications=2/5, Final=94/100
[2026-08-12 15:43:39] [INFO] [RESUME_PROCESSING] Resume processing started
[2026-08-12 15:43:39] [INFO] [RESUME_PROCESSING] TXT resume read successfully
[2026-08-12 15:43:39] [INFO] [SCORING] Score explanation: Skill=0/50, Experience=0/15, Education=10/10, Projects=7/20, Certifications=0/5, Final=17/100
[2026-08-12 15:43:39] [INFO] [SHORTLIST] HR shortlist threshold set to 70%
[2026-08-12 15:43:39] [INFO] [SHORTLIST] Automatic shortlisting completed: 1 of 2 candidate(s) scored >= 70%
[2026-08-12 15:43:39] [INFO] [RESUME_PROCESSING] Resume processing started
[2026-08-12 15:43:39] [INFO] [RESUME_PROCESSING] TXT resume read successfully
[2026-08-12 15:43:39] [INFO] [SCORING] Score explanation: Skill=50/50, Experience=12/15, Education=10/10, Projects=20/20, Certifications=2/5, Final=94/100
[2026-08-12 15:43:39] [INFO] [RESUME_PROCESSING] Resume processing started
[2026-08-12 15:43:39] [INFO] [RESUME_PROCESSING] TXT resume read successfully
[2026-08-12 15:43:39] [INFO] [SCORING] Score explanation: Skill=0/50, Experience=0/15, Education=10/10, Projects=7/20, Certifications=0/5, Final=17/100
[2026-08-12 15:43:39] [INFO] [SHORTLIST] HR shortlist threshold set to 70%
[2026-08-12 15:43:39] [INFO] [SHORTLIST] Automatic shortlisting completed: 1 of 2 candidate(s) scored >= 70%
[2026-08-12 15:43:39] [INFO] [SHORTLIST] Automatic shortlist file generated
[2026-08-12 15:43:39] [INFO] [REPORT] CSV report generated with explainable score components
[2026-08-12 15:43:39] [INFO] [REPORT] TXT report generated with score breakdown
[2026-08-12 15:43:39] [INFO] [RESUME_PROCESSING] Resume processing started
[2026-08-12 15:43:39] [INFO] [RESUME_PROCESSING] TXT resume read successfully
[2026-08-12 15:43:39] [INFO] [SCORING] Score explanation: Skill=50/50, Experience=12/15, Education=10/10, Projects=20/20, Certifications=2/5, Final=94/100
[2026-08-12 15:43:39] [INFO] [RESUME_PROCESSING] Resume processing started
[2026-08-12 15:43:39] [INFO] [RESUME_PROCESSING] TXT resume read successfully
[2026-08-12 15:43:39] [INFO] [SCORING] Score explanation: Skill=0/50, Experience=0/15, Education=10/10, Projects=7/20, Certifications=0/5, Final=17/100
[2026-08-12 15:43:39] [INFO] [SHORTLIST] HR shortlist threshold set to 70%
[2026-08-12 15:43:39] [INFO] [SHORTLIST] Automatic shortlisting completed: 1 of 2 candidate(s) scored >= 70%
[2026-08-12 15:43:39] [INFO] [AUTH] Signup successful; credential stored with unique salt and SHA-256 hash
[2026-08-12 15:43:39] [INFO] [AUTH] Login successful
[2026-08-12 15:43:39] [INFO] [AUTH] Password changed successfully with a new salt
[2026-08-12 15:43:39] [INFO] [AUTH] User logout successful
[2026-08-12 15:43:39] [WARNING] [AUTH] Login failed: invalid credentials
[2026-08-12 15:43:39] [INFO] [AUTH] Login successful
[2026-08-12 15:43:39] [INFO] [AUTH] User logout successful
[2026-08-12 15:43:39] [INFO] [AUTH] Signup successful; credential stored with unique salt and SHA-256 hash
[2026-08-12 15:43:39] [INFO] [AUTH] Login successful
[2026-08-12 15:43:39] [INFO] [AUTH] Password changed successfully with a new salt
[2026-08-12 15:43:39] [INFO] [AUTH] User logout successful
[2026-08-12 15:43:39] [INFO] [AUTH] Login successful
[2026-08-12 15:43:39] [INFO] [THREAD_POOL] Worker 139943544456896 started resume: tests/fixtures/resume_strong.txt
[2026-08-12 15:43:39] [INFO] [THREAD_POOL] Worker 139943536064192 started resume: tests/fixtures/resume_weak.txt
[2026-08-12 15:43:39] [INFO] [THREAD_POOL] Worker 139943552849600 started resume: tests/fixtures/resume_strong.txt
[2026-08-12 15:43:39] [INFO] [THREAD_POOL] Worker 139943322056384 started resume: tests/fixtures/resume_weak.txt
[2026-08-12 15:43:39] [INFO] [RESUME_PROCESSING] Resume processing started
[2026-08-12 15:43:39] [INFO] [RESUME_PROCESSING] Resume processing started
[2026-08-12 15:43:39] [INFO] [RESUME_PROCESSING] Resume processing started
[2026-08-12 15:43:39] [INFO] [RESUME_PROCESSING] Resume processing started
[2026-08-12 15:43:39] [INFO] [RESUME_PROCESSING] TXT resume read successfully
[2026-08-12 15:43:39] [INFO] [RESUME_PROCESSING] TXT resume read successfully
[2026-08-12 15:43:39] [INFO] [RESUME_PROCESSING] TXT resume read successfully
[2026-08-12 15:43:39] [INFO] [THREAD_POOL] Worker 139943322056384 completed preprocessing: tests/fixtures/resume_weak.txt
[2026-08-12 15:43:39] [INFO] [THREAD_POOL] Worker 139943536064192 completed preprocessing: tests/fixtures/resume_weak.txt
[2026-08-12 15:43:39] [INFO] [THREAD_POOL] Worker 139943544456896 completed preprocessing: tests/fixtures/resume_strong.txt
[2026-08-12 15:43:39] [INFO] [RESUME_PROCESSING] TXT resume read successfully
[2026-08-12 15:43:39] [INFO] [THREAD_POOL] Worker 139943552849600 completed preprocessing: tests/fixtures/resume_strong.txt
[2026-08-12 15:43:39] [INFO] [THREAD_POOL] Parallel resume stage completed: 4 resume(s), 4 worker thread(s)
[2026-08-12 15:43:52] [INFO] [RESUME_UPLOAD] Resume validated and queued for processing
[2026-08-12 15:43:52] [ERROR] [RESUME_UPLOAD] Resume file not found
[2026-08-12 15:43:52] [WARNING] [RESUME_UPLOAD] Resume rejected: empty file
[2026-08-12 15:43:52] [WARNING] [RESUME_UPLOAD] Resume rejected: unsupported file type
[2026-08-12 15:43:52] [WARNING] [RESUME_UPLOAD] Resume rejected: invalid PDF header
[2026-08-12 15:43:52] [INFO] [RESUME_UPLOAD] Resume validated and queued for processing
[2026-08-12 15:43:52] [WARNING] [RESUME_UPLOAD] Resume rejected: invalid text content
[2026-08-12 15:43:52] [INFO] [RESUME_UPLOAD] Resume validated and queued for processing
[2026-08-12 15:43:52] [INFO] [RESUME_UPLOAD] Resume validated and queued for processing
[2026-08-12 15:43:52] [INFO] [RESUME_UPLOAD] Resume validated and queued for processing
[2026-08-12 15:43:53] [INFO] [RESUME_UPLOAD] Resume validated and queued for processing
[2026-08-12 15:43:53] [INFO] [RESUME_UPLOAD] Resume validated and queued for processing
[2026-08-12 15:43:53] [INFO] [RESUME_UPLOAD] Resume validated and queued for processing
[2026-08-12 15:43:53] [INFO] [RESUME_UPLOAD] Resume validated and queued for processing
[2026-08-12 15:43:53] [INFO] [RESUME_UPLOAD] Resume validated and queued for processing
[2026-08-12 15:43:53] [INFO] [RESUME_UPLOAD] Resume validated and queued for processing
[2026-08-12 15:43:53] [INFO] [RESUME_UPLOAD] Resume validated and queued for processing
[2026-08-12 15:43:53] [INFO] [RESUME_UPLOAD] Resume validated and queued for processing
[2026-08-12 15:43:53] [INFO] [RESUME_UPLOAD] Resume validated and queued for processing
[2026-08-12 15:43:53] [INFO] [RESUME_UPLOAD] Resume validated and queued for processing
[2026-08-12 15:43:53] [INFO] [RESUME_UPLOAD] Resume validated and queued for processing
[2026-08-12 15:43:53] [INFO] [RESUME_UPLOAD] Resume validated and queued for processing
[2026-08-12 15:43:53] [INFO] [RESUME_UPLOAD] Resume validated and queued for processing
[2026-08-12 15:43:53] [INFO] [RESUME_UPLOAD] Resume validated and queued for processing
[2026-08-12 15:43:53] [INFO] [RESUME_UPLOAD] Resume validated and queued for processing
[2026-08-12 15:43:53] [INFO] [RESUME_UPLOAD] Resume validated and queued for processing
[2026-08-12 15:43:53] [INFO] [RESUME_UPLOAD] Resume validated and queued for processing
[2026-08-12 15:43:53] [INFO] [RESUME_UPLOAD] Resume validated and queued for processing
[2026-08-12 15:43:53] [INFO] [RESUME_UPLOAD] Resume validated and queued for processing
[2026-08-12 15:43:53] [INFO] [RESUME_UPLOAD] Resume validated and queued for processing
[2026-08-12 15:43:53] [INFO] [RESUME_UPLOAD] Resume validated and queued for processing
[2026-08-12 15:43:53] [INFO] [RESUME_UPLOAD] Resume validated and queued for processing
[2026-08-12 15:43:53] [INFO] [RESUME_UPLOAD] Resume validated and queued for processing
[2026-08-12 15:43:53] [INFO] [RESUME_UPLOAD] Resume validated and queued for processing
[2026-08-12 15:43:53] [INFO] [RESUME_UPLOAD] Resume validated and queued for processing
[2026-08-12 15:43:53] [INFO] [RESUME_UPLOAD] Resume validated and queued for processing
[2026-08-12 15:43:53] [INFO] [RESUME_UPLOAD] Resume validated and queued for processing
[2026-08-12 15:43:53] [INFO] [RESUME_UPLOAD] Resume validated and queued for processing
[2026-08-12 15:43:53] [INFO] [RESUME_UPLOAD] Resume validated and queued for processing
[2026-08-12 15:43:53] [INFO] [RESUME_UPLOAD] Resume validated and queued for processing
[2026-08-12 15:43:53] [INFO] [RESUME_UPLOAD] Resume validated and queued for processing
[2026-08-12 15:43:53] [INFO] [RESUME_UPLOAD] Resume validated and queued for processing
[2026-08-12 15:43:53] [INFO] [RESUME_UPLOAD] Resume validated and queued for processing
[2026-08-12 15:43:53] [INFO] [RESUME_UPLOAD] Resume validated and queued for processing
[2026-08-12 15:43:53] [INFO] [RESUME_UPLOAD] Resume validated and queued for processing
[2026-08-12 15:43:53] [INFO] [RESUME_UPLOAD] Resume validated and queued for processing
[2026-08-12 15:43:53] [INFO] [RESUME_UPLOAD] Resume validated and queued for processing
[2026-08-12 15:43:53] [INFO] [RESUME_UPLOAD] Resume validated and queued for processing
[2026-08-12 15:43:53] [INFO] [RESUME_UPLOAD] Resume validated and queued for processing
[2026-08-12 15:43:53] [INFO] [RESUME_UPLOAD] Resume validated and queued for processing
[2026-08-12 15:43:53] [INFO] [RESUME_UPLOAD] Resume validated and queued for processing
[2026-08-12 15:43:53] [INFO] [RESUME_UPLOAD] Resume validated and queued for processing
[2026-08-12 15:43:53] [INFO] [RESUME_UPLOAD] Resume validated and queued for processing
[2026-08-12 15:43:53] [INFO] [RESUME_UPLOAD] Resume validated and queued for processing
[2026-08-12 15:43:53] [INFO] [RESUME_UPLOAD] Resume validated and queued for processing
[2026-08-12 15:43:53] [INFO] [RESUME_UPLOAD] Resume validated and queued for processing
[2026-08-12 15:43:53] [INFO] [RESUME_UPLOAD] Resume validated and queued for processing
[2026-08-12 15:43:53] [ERROR] [RESUME_UPLOAD] Resume queue capacity reached
[2026-08-12 15:43:53] [INFO] [RESUME_UPLOAD] Bulk resume scan completed
[2026-08-12 15:43:53] [WARNING] [RESUME_UPLOAD] Resume rejected: file exceeds 5 MB limit
[2026-08-12 15:43:53] [INFO] [COVERAGE] info message
[2026-08-12 15:43:53] [WARNING] [COVERAGE] warning message
[2026-08-12 15:43:53] [ERROR] [COVERAGE] error message
[2026-08-12 15:43:53] [INFO] [GENERAL] 
[2026-08-12 15:43:53] [WARNING] [GENERAL] 
[2026-08-12 15:43:53] [ERROR] [GENERAL] 
[2026-08-12 15:43:53] [INFO] [SYSTEM] HR Resume Screening System logger closed
[2026-08-12 15:43:53] [INFO] [COVERAGE] lazy reopen
[2026-08-12 15:43:53] [INFO] [SYSTEM] HR Resume Screening System logger closed
[2026-08-12 15:43:53] [INFO] [REPORT] CSV report generated with explainable score components
[2026-08-12 15:43:53] [INFO] [REPORT] TXT report generated with score breakdown
[2026-08-12 15:43:53] [INFO] [REPORT] Full report generated with automatic shortlist threshold and status
[2026-08-12 15:43:53] [ERROR] [REPORT] CSV report file could not be opened
[2026-08-12 15:43:53] [ERROR] [REPORT] TXT report file could not be opened
[2026-08-12 15:43:53] [INFO] [REPORT] CSV report generated with explainable score components
[2026-08-12 15:43:53] [INFO] [REPORT] TXT report generated with score breakdown
[2026-08-12 15:43:53] [INFO] [REPORT] Full report generated with automatic shortlist threshold and status
[2026-08-12 15:43:53] [INFO] [RESUME_PROCESSING] Resume processing started
[2026-08-12 15:43:53] [INFO] [RESUME_PROCESSING] TXT resume read successfully
[2026-08-12 15:43:53] [ERROR] [RESUME_PROCESSING] ReadResume called with empty path
[2026-08-12 15:43:53] [ERROR] [RESUME_PROCESSING] ReadResume called with empty path
[2026-08-12 15:43:53] [WARNING] [RESUME_PROCESSING] Resume is empty or unavailable
[2026-08-12 15:43:53] [WARNING] [RESUME_PROCESSING] Resume is empty or unavailable
[2026-08-12 15:43:53] [INFO] [RESUME_PROCESSING] Resume processing started
[2026-08-12 15:43:53] [INFO] [PDF_PROCESSING] PDF text extraction started
[2026-08-12 15:43:53] [ERROR] [PDF_PROCESSING] PDF text extraction failed
[2026-08-12 15:43:53] [WARNING] [RESUME_PROCESSING] Resume exceeds 5 MB processing limit
[2026-08-12 15:43:53] [INFO] [THREAD_POOL] Worker 140370560374464 started resume: tests_tmp_cov/missing.txt
[2026-08-12 15:43:53] [WARNING] [RESUME_PROCESSING] Resume is empty or unavailable
[2026-08-12 15:43:53] [ERROR] [THREAD_POOL] Worker 140370560374464 failed to read resume: tests_tmp_cov/missing.txt
[2026-08-12 15:43:53] [INFO] [THREAD_POOL] Worker 140370560374464 started resume: tests_tmp_cov/resume.txt
[2026-08-12 15:43:53] [INFO] [RESUME_PROCESSING] Resume processing started
[2026-08-12 15:43:53] [INFO] [RESUME_PROCESSING] TXT resume read successfully
[2026-08-12 15:43:53] [INFO] [THREAD_POOL] Worker 140370560374464 completed preprocessing: tests_tmp_cov/resume.txt
[2026-08-12 15:43:53] [INFO] [THREAD_POOL] Parallel resume stage completed: 2 resume(s), 1 worker thread(s)
[2026-08-12 15:43:53] [WARNING] [SHORTLIST] Rejected invalid shortlist threshold; valid range is 0-100
[2026-08-12 15:43:53] [WARNING] [SHORTLIST] Rejected invalid shortlist threshold; valid range is 0-100
[2026-08-12 15:43:53] [INFO] [SHORTLIST] HR shortlist threshold set to 70%
[2026-08-12 15:43:53] [INFO] [SHORTLIST] HR shortlist threshold set to 70%
[2026-08-12 15:43:53] [INFO] [SHORTLIST] Automatic shortlisting completed: 1 of 2 candidate(s) scored >= 70%
[2026-08-12 15:43:53] [INFO] [SHORTLIST] Automatic shortlist file generated
[2026-08-12 15:43:53] [INFO] [SHORTLIST] Automatic shortlist file generated
[2026-08-12 15:43:53] [WARNING] [AUTH] Signup rejected: invalid email format
[2026-08-12 15:43:53] [WARNING] [AUTH] Signup rejected: invalid email format
[2026-08-12 15:43:53] [WARNING] [AUTH] Signup rejected: password policy violation
[2026-08-12 15:43:53] [WARNING] [AUTH] Signup rejected: invalid email format
[2026-08-12 15:43:53] [WARNING] [AUTH] Signup rejected: invalid email format
[2026-08-12 15:43:53] [WARNING] [AUTH] Signup rejected: invalid email format
[2026-08-12 15:43:53] [WARNING] [AUTH] Signup rejected: invalid email format
[2026-08-12 15:43:53] [WARNING] [AUTH] Signup rejected: invalid email format
[2026-08-12 15:43:53] [WARNING] [AUTH] Login rejected: invalid email format
[2026-08-12 15:43:53] [INFO] [AUTH] Signup successful; credential stored with unique salt and SHA-256 hash
[2026-08-12 15:43:53] [WARNING] [AUTH] Signup rejected: duplicate email
[2026-08-12 15:43:53] [WARNING] [AUTH] Login failed: invalid credentials
[2026-08-12 15:43:53] [INFO] [AUTH] Login successful
[2026-08-12 15:43:53] [INFO] [AUTH] User logout successful
[2026-08-12 15:43:53] [WARNING] [AUTH] Logout requested with no active session
[2026-08-12 15:43:53] [WARNING] [AUTH] Password change failed: old password incorrect or user not found
[2026-08-12 15:43:53] [INFO] [AUTH] Password changed successfully with a new salt
[2026-08-12 15:43:53] [INFO] [AUTH] Login successful
[2026-08-12 15:43:53] [INFO] [AUTH] User logout successful
[2026-08-12 15:43:53] [WARNING] [AUTH] Password change rejected: validation failed
[2026-08-12 15:43:53] [INFO] [AUTH] Signup successful; credential stored with unique salt and SHA-256 hash
[2026-08-12 15:43:53] [INFO] [AUTH] Signup successful; credential stored with unique salt and SHA-256 hash
[2026-08-12 15:43:53] [WARNING] [AUTH] Signup rejected: duplicate email
[2026-08-12 15:43:53] [INFO] [AUTH] Signup successful; credential stored with unique salt and SHA-256 hash
[2026-08-12 15:43:53] [INFO] [AUTH] Signup successful; credential stored with unique salt and SHA-256 hash
[2026-08-12 15:43:53] [INFO] [AUTH] Signup successful; credential stored with unique salt and SHA-256 hash
[2026-08-12 15:43:53] [INFO] [AUTH] Signup successful; credential stored with unique salt and SHA-256 hash
[2026-08-12 15:43:53] [WARNING] [AUTH] Signup rejected: duplicate email
[2026-08-12 15:43:53] [WARNING] [AUTH] Signup rejected: invalid email format
[2026-08-12 15:43:53] [WARNING] [AUTH] Signup rejected: invalid email format
[2026-08-12 15:43:53] [WARNING] [AUTH] Signup rejected: invalid email format
[2026-08-12 15:43:53] [WARNING] [AUTH] Signup rejected: invalid email format
[2026-08-12 15:43:53] [WARNING] [AUTH] Signup rejected: invalid email format
[2026-08-12 15:43:53] [WARNING] [AUTH] Signup rejected: invalid email format
[2026-08-12 15:43:53] [WARNING] [AUTH] Signup rejected: invalid email format
[2026-08-12 15:43:53] [WARNING] [AUTH] Signup rejected: password policy violation
[2026-08-12 15:43:53] [INFO] [AUTH] Signup successful; credential stored with unique salt and SHA-256 hash
[2026-08-12 15:43:53] [INFO] [AUTH] Login successful
[2026-08-12 15:43:53] [INFO] [AUTH] Signup successful; credential stored with unique salt and SHA-256 hash
[2026-08-12 15:43:53] [WARNING] [AUTH] Login failed: invalid credentials
[2026-08-12 15:43:53] [INFO] [AUTH] Signup successful; credential stored with unique salt and SHA-256 hash
[2026-08-12 15:43:53] [WARNING] [AUTH] Login failed: invalid credentials
[2026-08-12 15:43:53] [INFO] [AUTH] Signup successful; credential stored with unique salt and SHA-256 hash
[2026-08-12 15:43:53] [INFO] [AUTH] Login successful
[2026-08-12 15:43:53] [INFO] [AUTH] Signup successful; credential stored with unique salt and SHA-256 hash
[2026-08-12 15:43:53] [INFO] [AUTH] Login successful
[2026-08-12 15:43:53] [INFO] [AUTH] User logout successful
[2026-08-12 15:43:53] [INFO] [AUTH] Signup successful; credential stored with unique salt and SHA-256 hash
[2026-08-12 15:43:53] [INFO] [AUTH] Password changed successfully with a new salt
[2026-08-12 15:43:53] [INFO] [AUTH] Login successful
[2026-08-12 15:43:53] [WARNING] [AUTH] Login failed: invalid credentials
[2026-08-12 15:43:53] [INFO] [AUTH] Signup successful; credential stored with unique salt and SHA-256 hash
[2026-08-12 15:43:53] [WARNING] [AUTH] Password change failed: old password incorrect or user not found
[2026-08-12 15:43:53] [INFO] [AUTH] Login successful
[2026-08-12 15:43:53] [INFO] [SCORING] Score explanation: Skill=50/50, Experience=6/15, Education=10/10, Projects=14/20, Certifications=2/5, Final=82/100
[2026-08-12 15:43:53] [INFO] [SCORING] Score explanation: Skill=50/50, Experience=15/15, Education=10/10, Projects=20/20, Certifications=5/5, Final=100/100
[2026-08-12 15:43:53] [INFO] [SHORTLIST] HR shortlist threshold set to 70%
[2026-08-12 15:43:53] [INFO] [SHORTLIST] Automatic shortlisting completed: 2 of 3 candidate(s) scored >= 70%
[2026-08-12 15:43:53] [WARNING] [SHORTLIST] Rejected invalid shortlist threshold; valid range is 0-100
[2026-08-12 15:43:53] [WARNING] [SHORTLIST] Rejected invalid shortlist threshold; valid range is 0-100
[2026-08-12 15:43:53] [INFO] [SHORTLIST] HR shortlist threshold set to 0%
[2026-08-12 15:43:53] [INFO] [SHORTLIST] Automatic shortlisting completed: 3 of 3 candidate(s) scored >= 0%
[2026-08-12 15:43:53] [INFO] [THREAD_POOL] Worker 140370560374464 started resume: tests/fixtures/resume_strong.txt
[2026-08-12 15:43:53] [INFO] [THREAD_POOL] Worker 140370551981760 started resume: tests/fixtures/resume_weak.txt
[2026-08-12 15:43:53] [INFO] [THREAD_POOL] Worker 140370469975744 started resume: tests/fixtures/resume_strong.txt
[2026-08-12 15:43:53] [INFO] [RESUME_PROCESSING] Resume processing started
[2026-08-12 15:43:53] [INFO] [RESUME_PROCESSING] Resume processing started
[2026-08-12 15:43:53] [INFO] [RESUME_PROCESSING] Resume processing started
[2026-08-12 15:43:53] [INFO] [RESUME_PROCESSING] TXT resume read successfully
[2026-08-12 15:43:53] [INFO] [RESUME_PROCESSING] TXT resume read successfully
[2026-08-12 15:43:53] [INFO] [THREAD_POOL] Worker 140370469975744 completed preprocessing: tests/fixtures/resume_strong.txt
[2026-08-12 15:43:53] [INFO] [THREAD_POOL] Worker 140370560374464 completed preprocessing: tests/fixtures/resume_strong.txt
[2026-08-12 15:43:53] [INFO] [RESUME_PROCESSING] TXT resume read successfully
[2026-08-12 15:43:53] [INFO] [THREAD_POOL] Worker 140370551981760 completed preprocessing: tests/fixtures/resume_weak.txt
[2026-08-12 15:43:53] [INFO] [THREAD_POOL] Parallel resume stage completed: 3 resume(s), 3 worker thread(s)
[2026-08-12 15:43:53] [INFO] [THREAD_POOL] Worker 140370469975744 started resume: tests/fixtures/resume_strong.txt
[2026-08-12 15:43:53] [INFO] [THREAD_POOL] Worker 140370551981760 started resume: tests/fixtures/resume_weak.txt
[2026-08-12 15:43:53] [INFO] [RESUME_PROCESSING] Resume processing started
[2026-08-12 15:43:53] [INFO] [RESUME_PROCESSING] Resume processing started
[2026-08-12 15:43:53] [INFO] [RESUME_PROCESSING] TXT resume read successfully
[2026-08-12 15:43:53] [INFO] [THREAD_POOL] Worker 140370469975744 completed preprocessing: tests/fixtures/resume_strong.txt
[2026-08-12 15:43:53] [INFO] [RESUME_PROCESSING] TXT resume read successfully
[2026-08-12 15:43:53] [INFO] [THREAD_POOL] Worker 140370551981760 completed preprocessing: tests/fixtures/resume_weak.txt
[2026-08-12 15:43:53] [INFO] [THREAD_POOL] Parallel resume stage completed: 2 resume(s), 2 worker thread(s)
[2026-08-12 15:43:53] [INFO] [RESUME_PROCESSING] Resume processing started
[2026-08-12 15:43:53] [INFO] [RESUME_PROCESSING] TXT resume read successfully
[2026-08-12 15:43:53] [INFO] [SCORING] Score explanation: Skill=40/50, Experience=9/15, Education=10/10, Projects=20/20, Certifications=2/5, Final=81/100
[2026-08-12 15:43:54] [INFO] [RESUME_PROCESSING] Resume processing started
[2026-08-12 15:43:54] [INFO] [RESUME_PROCESSING] TXT resume read successfully
[2026-08-12 15:43:54] [INFO] [SCORING] Score explanation: Skill=50/50, Experience=12/15, Education=10/10, Projects=20/20, Certifications=2/5, Final=94/100
[2026-08-12 15:43:54] [INFO] [RESUME_PROCESSING] Resume processing started
[2026-08-12 15:43:54] [INFO] [RESUME_PROCESSING] TXT resume read successfully
[2026-08-12 15:43:54] [INFO] [SCORING] Score explanation: Skill=0/50, Experience=0/15, Education=10/10, Projects=7/20, Certifications=0/5, Final=17/100
[2026-08-12 15:43:54] [INFO] [SHORTLIST] HR shortlist threshold set to 70%
[2026-08-12 15:43:54] [INFO] [SHORTLIST] Automatic shortlisting completed: 1 of 2 candidate(s) scored >= 70%
[2026-08-12 15:43:54] [INFO] [RESUME_PROCESSING] Resume processing started
[2026-08-12 15:43:54] [INFO] [RESUME_PROCESSING] TXT resume read successfully
[2026-08-12 15:43:54] [INFO] [SCORING] Score explanation: Skill=50/50, Experience=12/15, Education=10/10, Projects=20/20, Certifications=2/5, Final=94/100
[2026-08-12 15:43:54] [INFO] [RESUME_PROCESSING] Resume processing started
[2026-08-12 15:43:54] [INFO] [RESUME_PROCESSING] TXT resume read successfully
[2026-08-12 15:43:54] [INFO] [SCORING] Score explanation: Skill=0/50, Experience=0/15, Education=10/10, Projects=7/20, Certifications=0/5, Final=17/100
[2026-08-12 15:43:54] [INFO] [SHORTLIST] HR shortlist threshold set to 70%
[2026-08-12 15:43:54] [INFO] [SHORTLIST] Automatic shortlisting completed: 1 of 2 candidate(s) scored >= 70%
[2026-08-12 15:43:54] [INFO] [SHORTLIST] Automatic shortlist file generated
[2026-08-12 15:43:54] [INFO] [REPORT] CSV report generated with explainable score components
[2026-08-12 15:43:54] [INFO] [REPORT] TXT report generated with score breakdown
[2026-08-12 15:43:54] [INFO] [RESUME_PROCESSING] Resume processing started
[2026-08-12 15:43:54] [INFO] [RESUME_PROCESSING] TXT resume read successfully
[2026-08-12 15:43:54] [INFO] [SCORING] Score explanation: Skill=50/50, Experience=12/15, Education=10/10, Projects=20/20, Certifications=2/5, Final=94/100
[2026-08-12 15:43:54] [INFO] [RESUME_PROCESSING] Resume processing started
[2026-08-12 15:43:54] [INFO] [RESUME_PROCESSING] TXT resume read successfully
[2026-08-12 15:43:54] [INFO] [SCORING] Score explanation: Skill=0/50, Experience=0/15, Education=10/10, Projects=7/20, Certifications=0/5, Final=17/100
[2026-08-12 15:43:54] [INFO] [SHORTLIST] HR shortlist threshold set to 70%
[2026-08-12 15:43:54] [INFO] [SHORTLIST] Automatic shortlisting completed: 1 of 2 candidate(s) scored >= 70%
[2026-08-12 15:43:54] [INFO] [AUTH] Signup successful; credential stored with unique salt and SHA-256 hash
[2026-08-12 15:43:54] [INFO] [AUTH] Login successful
[2026-08-12 15:43:54] [INFO] [AUTH] Password changed successfully with a new salt
[2026-08-12 15:43:54] [INFO] [AUTH] User logout successful
[2026-08-12 15:43:54] [WARNING] [AUTH] Login failed: invalid credentials
[2026-08-12 15:43:54] [INFO] [AUTH] Login successful
[2026-08-12 15:43:54] [INFO] [AUTH] User logout successful
[2026-08-12 15:43:54] [INFO] [AUTH] Signup successful; credential stored with unique salt and SHA-256 hash
[2026-08-12 15:43:54] [INFO] [AUTH] Login successful
[2026-08-12 15:43:54] [INFO] [AUTH] Password changed successfully with a new salt
[2026-08-12 15:43:54] [INFO] [AUTH] User logout successful
[2026-08-12 15:43:54] [INFO] [AUTH] Login successful
[2026-08-12 15:43:54] [INFO] [THREAD_POOL] Worker 140370551981760 started resume: tests/fixtures/resume_strong.txt
[2026-08-12 15:43:54] [INFO] [THREAD_POOL] Worker 140370461583040 started resume: tests/fixtures/resume_weak.txt
[2026-08-12 15:43:54] [INFO] [THREAD_POOL] Worker 140370560374464 started resume: tests/fixtures/resume_strong.txt
[2026-08-12 15:43:54] [INFO] [THREAD_POOL] Worker 140370469975744 started resume: tests/fixtures/resume_weak.txt
[2026-08-12 15:43:54] [INFO] [RESUME_PROCESSING] Resume processing started
[2026-08-12 15:43:54] [INFO] [RESUME_PROCESSING] Resume processing started
[2026-08-12 15:43:54] [INFO] [RESUME_PROCESSING] Resume processing started
[2026-08-12 15:43:54] [INFO] [RESUME_PROCESSING] Resume processing started
[2026-08-12 15:43:54] [INFO] [RESUME_PROCESSING] TXT resume read successfully
[2026-08-12 15:43:54] [INFO] [RESUME_PROCESSING] TXT resume read successfully
[2026-08-12 15:43:54] [INFO] [THREAD_POOL] Worker 140370469975744 completed preprocessing: tests/fixtures/resume_weak.txt
[2026-08-12 15:43:54] [INFO] [RESUME_PROCESSING] TXT resume read successfully
[2026-08-12 15:43:54] [INFO] [THREAD_POOL] Worker 140370461583040 completed preprocessing: tests/fixtures/resume_weak.txt
[2026-08-12 15:43:54] [INFO] [RESUME_PROCESSING] TXT resume read successfully
[2026-08-12 15:43:54] [INFO] [THREAD_POOL] Worker 140370560374464 completed preprocessing: tests/fixtures/resume_strong.txt
[2026-08-12 15:43:54] [INFO] [THREAD_POOL] Worker 140370551981760 completed preprocessing: tests/fixtures/resume_strong.txt
[2026-08-12 15:43:54] [INFO] [THREAD_POOL] Parallel resume stage completed: 4 resume(s), 4 worker thread(s)
[2026-08-12 15:48:28] [INFO] [RESUME_UPLOAD] Resume validated and queued for processing
[2026-08-12 15:48:28] [ERROR] [RESUME_UPLOAD] Resume file not found
[2026-08-12 15:48:28] [WARNING] [RESUME_UPLOAD] Resume rejected: empty file
[2026-08-12 15:48:28] [WARNING] [RESUME_UPLOAD] Resume rejected: unsupported file type
[2026-08-12 15:48:28] [WARNING] [RESUME_UPLOAD] Resume rejected: invalid PDF header
[2026-08-12 15:48:28] [INFO] [RESUME_UPLOAD] Resume validated and queued for processing
[2026-08-12 15:48:28] [WARNING] [RESUME_UPLOAD] Resume rejected: invalid text content
[2026-08-12 15:48:28] [INFO] [RESUME_UPLOAD] Resume validated and queued for processing
[2026-08-12 15:48:28] [INFO] [RESUME_UPLOAD] Resume validated and queued for processing
[2026-08-12 15:48:28] [INFO] [RESUME_UPLOAD] Resume validated and queued for processing
[2026-08-12 15:48:28] [INFO] [RESUME_UPLOAD] Resume validated and queued for processing
[2026-08-12 15:48:28] [INFO] [RESUME_UPLOAD] Resume validated and queued for processing
[2026-08-12 15:48:28] [INFO] [RESUME_UPLOAD] Resume validated and queued for processing
[2026-08-12 15:48:28] [INFO] [RESUME_UPLOAD] Resume validated and queued for processing
[2026-08-12 15:48:28] [INFO] [RESUME_UPLOAD] Resume validated and queued for processing
[2026-08-12 15:48:28] [INFO] [RESUME_UPLOAD] Resume validated and queued for processing
[2026-08-12 15:48:28] [INFO] [RESUME_UPLOAD] Resume validated and queued for processing
[2026-08-12 15:48:28] [INFO] [RESUME_UPLOAD] Resume validated and queued for processing
[2026-08-12 15:48:28] [INFO] [RESUME_UPLOAD] Resume validated and queued for processing
[2026-08-12 15:48:28] [INFO] [RESUME_UPLOAD] Resume validated and queued for processing
[2026-08-12 15:48:28] [INFO] [RESUME_UPLOAD] Resume validated and queued for processing
[2026-08-12 15:48:28] [INFO] [RESUME_UPLOAD] Resume validated and queued for processing
[2026-08-12 15:48:28] [INFO] [RESUME_UPLOAD] Resume validated and queued for processing
[2026-08-12 15:48:28] [INFO] [RESUME_UPLOAD] Resume validated and queued for processing
[2026-08-12 15:48:28] [INFO] [RESUME_UPLOAD] Resume validated and queued for processing
[2026-08-12 15:48:28] [INFO] [RESUME_UPLOAD] Resume validated and queued for processing
[2026-08-12 15:48:28] [INFO] [RESUME_UPLOAD] Resume validated and queued for processing
[2026-08-12 15:48:28] [INFO] [RESUME_UPLOAD] Resume validated and queued for processing
[2026-08-12 15:48:28] [INFO] [RESUME_UPLOAD] Resume validated and queued for processing
[2026-08-12 15:48:28] [INFO] [RESUME_UPLOAD] Resume validated and queued for processing
[2026-08-12 15:48:28] [INFO] [RESUME_UPLOAD] Resume validated and queued for processing
[2026-08-12 15:48:28] [INFO] [RESUME_UPLOAD] Resume validated and queued for processing
[2026-08-12 15:48:28] [INFO] [RESUME_UPLOAD] Resume validated and queued for processing
[2026-08-12 15:48:28] [INFO] [RESUME_UPLOAD] Resume validated and queued for processing
[2026-08-12 15:48:28] [INFO] [RESUME_UPLOAD] Resume validated and queued for processing
[2026-08-12 15:48:28] [INFO] [RESUME_UPLOAD] Resume validated and queued for processing
[2026-08-12 15:48:28] [INFO] [RESUME_UPLOAD] Resume validated and queued for processing
[2026-08-12 15:48:28] [INFO] [RESUME_UPLOAD] Resume validated and queued for processing
[2026-08-12 15:48:28] [INFO] [RESUME_UPLOAD] Resume validated and queued for processing
[2026-08-12 15:48:28] [INFO] [RESUME_UPLOAD] Resume validated and queued for processing
[2026-08-12 15:48:28] [INFO] [RESUME_UPLOAD] Resume validated and queued for processing
[2026-08-12 15:48:28] [INFO] [RESUME_UPLOAD] Resume validated and queued for processing
[2026-08-12 15:48:28] [INFO] [RESUME_UPLOAD] Resume validated and queued for processing
[2026-08-12 15:48:28] [INFO] [RESUME_UPLOAD] Resume validated and queued for processing
[2026-08-12 15:48:28] [INFO] [RESUME_UPLOAD] Resume validated and queued for processing
[2026-08-12 15:48:28] [INFO] [RESUME_UPLOAD] Resume validated and queued for processing
[2026-08-12 15:48:28] [INFO] [RESUME_UPLOAD] Resume validated and queued for processing
[2026-08-12 15:48:28] [INFO] [RESUME_UPLOAD] Resume validated and queued for processing
[2026-08-12 15:48:28] [INFO] [RESUME_UPLOAD] Resume validated and queued for processing
[2026-08-12 15:48:28] [INFO] [RESUME_UPLOAD] Resume validated and queued for processing
[2026-08-12 15:48:28] [INFO] [RESUME_UPLOAD] Resume validated and queued for processing
[2026-08-12 15:48:28] [INFO] [RESUME_UPLOAD] Resume validated and queued for processing
[2026-08-12 15:48:28] [INFO] [RESUME_UPLOAD] Resume validated and queued for processing
[2026-08-12 15:48:28] [INFO] [RESUME_UPLOAD] Resume validated and queued for processing
[2026-08-12 15:48:28] [INFO] [RESUME_UPLOAD] Resume validated and queued for processing
[2026-08-12 15:48:28] [INFO] [RESUME_UPLOAD] Resume validated and queued for processing
[2026-08-12 15:48:28] [INFO] [RESUME_UPLOAD] Resume validated and queued for processing
[2026-08-12 15:48:28] [ERROR] [RESUME_UPLOAD] Resume queue capacity reached
[2026-08-12 15:48:29] [INFO] [RESUME_UPLOAD] Bulk resume scan completed
[2026-08-12 15:48:29] [WARNING] [RESUME_UPLOAD] Resume rejected: file exceeds 5 MB limit
[2026-08-12 15:48:29] [INFO] [COVERAGE] info message
[2026-08-12 15:48:29] [WARNING] [COVERAGE] warning message
[2026-08-12 15:48:29] [ERROR] [COVERAGE] error message
[2026-08-12 15:48:29] [INFO] [GENERAL] 
[2026-08-12 15:48:29] [WARNING] [GENERAL] 
[2026-08-12 15:48:29] [ERROR] [GENERAL] 
[2026-08-12 15:48:29] [INFO] [SYSTEM] HR Resume Screening System logger closed
[2026-08-12 15:48:29] [INFO] [COVERAGE] lazy reopen
[2026-08-12 15:48:29] [INFO] [SYSTEM] HR Resume Screening System logger closed
[2026-08-12 15:48:29] [INFO] [REPORT] CSV report generated with explainable score components
[2026-08-12 15:48:29] [INFO] [REPORT] TXT report generated with score breakdown
[2026-08-12 15:48:29] [INFO] [REPORT] Full report generated with automatic shortlist threshold and status
[2026-08-12 15:48:29] [ERROR] [REPORT] CSV report file could not be opened
[2026-08-12 15:48:29] [ERROR] [REPORT] TXT report file could not be opened
[2026-08-12 15:48:29] [INFO] [REPORT] CSV report generated with explainable score components
[2026-08-12 15:48:29] [INFO] [REPORT] TXT report generated with score breakdown
[2026-08-12 15:48:29] [INFO] [REPORT] Full report generated with automatic shortlist threshold and status
[2026-08-12 15:48:29] [INFO] [RESUME_PROCESSING] Resume processing started
[2026-08-12 15:48:29] [INFO] [RESUME_PROCESSING] TXT resume read successfully
[2026-08-12 15:48:29] [ERROR] [RESUME_PROCESSING] ReadResume called with empty path
[2026-08-12 15:48:29] [ERROR] [RESUME_PROCESSING] ReadResume called with empty path
[2026-08-12 15:48:29] [WARNING] [RESUME_PROCESSING] Resume is empty or unavailable
[2026-08-12 15:48:29] [WARNING] [RESUME_PROCESSING] Resume is empty or unavailable
[2026-08-12 15:48:29] [INFO] [RESUME_PROCESSING] Resume processing started
[2026-08-12 15:48:29] [INFO] [PDF_PROCESSING] PDF text extraction started
[2026-08-12 15:48:29] [ERROR] [PDF_PROCESSING] PDF text extraction failed
[2026-08-12 15:48:29] [WARNING] [RESUME_PROCESSING] Resume exceeds 5 MB processing limit
[2026-08-12 15:48:29] [INFO] [THREAD_POOL] Worker 140394559657664 started resume: tests_tmp_cov/missing.txt
[2026-08-12 15:48:29] [WARNING] [RESUME_PROCESSING] Resume is empty or unavailable
[2026-08-12 15:48:29] [ERROR] [THREAD_POOL] Worker 140394559657664 failed to read resume: tests_tmp_cov/missing.txt
[2026-08-12 15:48:29] [INFO] [THREAD_POOL] Worker 140394559657664 started resume: tests_tmp_cov/resume.txt
[2026-08-12 15:48:29] [INFO] [RESUME_PROCESSING] Resume processing started
[2026-08-12 15:48:29] [INFO] [RESUME_PROCESSING] TXT resume read successfully
[2026-08-12 15:48:29] [INFO] [THREAD_POOL] Worker 140394559657664 completed preprocessing: tests_tmp_cov/resume.txt
[2026-08-12 15:48:29] [INFO] [THREAD_POOL] Parallel resume stage completed: 2 resume(s), 1 worker thread(s)
[2026-08-12 15:48:29] [WARNING] [SHORTLIST] Rejected invalid shortlist threshold; valid range is 0-100
[2026-08-12 15:48:29] [WARNING] [SHORTLIST] Rejected invalid shortlist threshold; valid range is 0-100
[2026-08-12 15:48:29] [INFO] [SHORTLIST] HR shortlist threshold set to 70%
[2026-08-12 15:48:29] [INFO] [SHORTLIST] HR shortlist threshold set to 70%
[2026-08-12 15:48:29] [INFO] [SHORTLIST] Automatic shortlisting completed: 1 of 2 candidate(s) scored >= 70%
[2026-08-12 15:48:29] [INFO] [SHORTLIST] Automatic shortlist file generated
[2026-08-12 15:48:29] [INFO] [SHORTLIST] Automatic shortlist file generated
[2026-08-12 15:48:29] [WARNING] [AUTH] Signup rejected: invalid email format
[2026-08-12 15:48:29] [WARNING] [AUTH] Signup rejected: invalid email format
[2026-08-12 15:48:29] [WARNING] [AUTH] Signup rejected: password policy violation
[2026-08-12 15:48:29] [WARNING] [AUTH] Signup rejected: invalid email format
[2026-08-12 15:48:29] [WARNING] [AUTH] Signup rejected: invalid email format
[2026-08-12 15:48:29] [WARNING] [AUTH] Signup rejected: invalid email format
[2026-08-12 15:48:29] [WARNING] [AUTH] Signup rejected: invalid email format
[2026-08-12 15:48:29] [WARNING] [AUTH] Signup rejected: invalid email format
[2026-08-12 15:48:29] [WARNING] [AUTH] Login rejected: invalid email format
[2026-08-12 15:48:29] [INFO] [AUTH] Signup successful; credential stored with unique salt and SHA-256 hash
[2026-08-12 15:48:29] [WARNING] [AUTH] Signup rejected: duplicate email
[2026-08-12 15:48:29] [WARNING] [AUTH] Login failed: invalid credentials
[2026-08-12 15:48:29] [INFO] [AUTH] Login successful
[2026-08-12 15:48:29] [INFO] [AUTH] User logout successful
[2026-08-12 15:48:29] [WARNING] [AUTH] Logout requested with no active session
[2026-08-12 15:48:29] [WARNING] [AUTH] Password change failed: old password incorrect or user not found
[2026-08-12 15:48:29] [INFO] [AUTH] Password changed successfully with a new salt
[2026-08-12 15:48:29] [INFO] [AUTH] Login successful
[2026-08-12 15:48:29] [INFO] [AUTH] User logout successful
[2026-08-12 15:48:29] [WARNING] [AUTH] Password change rejected: validation failed
[2026-08-12 15:48:29] [INFO] [AUTH] Signup successful; credential stored with unique salt and SHA-256 hash
[2026-08-12 15:48:29] [INFO] [AUTH] Signup successful; credential stored with unique salt and SHA-256 hash
[2026-08-12 15:48:29] [WARNING] [AUTH] Signup rejected: duplicate email
[2026-08-12 15:48:29] [INFO] [AUTH] Signup successful; credential stored with unique salt and SHA-256 hash
[2026-08-12 15:48:29] [INFO] [AUTH] Signup successful; credential stored with unique salt and SHA-256 hash
[2026-08-12 15:48:29] [INFO] [AUTH] Signup successful; credential stored with unique salt and SHA-256 hash
[2026-08-12 15:48:29] [INFO] [AUTH] Signup successful; credential stored with unique salt and SHA-256 hash
[2026-08-12 15:48:29] [WARNING] [AUTH] Signup rejected: duplicate email
[2026-08-12 15:48:29] [WARNING] [AUTH] Signup rejected: invalid email format
[2026-08-12 15:48:29] [WARNING] [AUTH] Signup rejected: invalid email format
[2026-08-12 15:48:29] [WARNING] [AUTH] Signup rejected: invalid email format
[2026-08-12 15:48:29] [WARNING] [AUTH] Signup rejected: invalid email format
[2026-08-12 15:48:29] [WARNING] [AUTH] Signup rejected: invalid email format
[2026-08-12 15:48:29] [WARNING] [AUTH] Signup rejected: invalid email format
[2026-08-12 15:48:29] [WARNING] [AUTH] Signup rejected: invalid email format
[2026-08-12 15:48:29] [WARNING] [AUTH] Signup rejected: password policy violation
[2026-08-12 15:48:29] [INFO] [AUTH] Signup successful; credential stored with unique salt and SHA-256 hash
[2026-08-12 15:48:29] [INFO] [AUTH] Login successful
[2026-08-12 15:48:29] [INFO] [AUTH] Signup successful; credential stored with unique salt and SHA-256 hash
[2026-08-12 15:48:29] [WARNING] [AUTH] Login failed: invalid credentials
[2026-08-12 15:48:29] [INFO] [AUTH] Signup successful; credential stored with unique salt and SHA-256 hash
[2026-08-12 15:48:29] [WARNING] [AUTH] Login failed: invalid credentials
[2026-08-12 15:48:29] [INFO] [AUTH] Signup successful; credential stored with unique salt and SHA-256 hash
[2026-08-12 15:48:29] [INFO] [AUTH] Login successful
[2026-08-12 15:48:29] [INFO] [AUTH] Signup successful; credential stored with unique salt and SHA-256 hash
[2026-08-12 15:48:29] [INFO] [AUTH] Login successful
[2026-08-12 15:48:29] [INFO] [AUTH] User logout successful
[2026-08-12 15:48:29] [INFO] [AUTH] Signup successful; credential stored with unique salt and SHA-256 hash
[2026-08-12 15:48:29] [INFO] [AUTH] Password changed successfully with a new salt
[2026-08-12 15:48:29] [INFO] [AUTH] Login successful
[2026-08-12 15:48:29] [WARNING] [AUTH] Login failed: invalid credentials
[2026-08-12 15:48:29] [INFO] [AUTH] Signup successful; credential stored with unique salt and SHA-256 hash
[2026-08-12 15:48:29] [WARNING] [AUTH] Password change failed: old password incorrect or user not found
[2026-08-12 15:48:29] [INFO] [AUTH] Login successful
[2026-08-12 15:48:29] [INFO] [SCORING] Score explanation: Skill=50/50, Experience=6/15, Education=10/10, Projects=14/20, Certifications=2/5, Final=82/100
[2026-08-12 15:48:29] [INFO] [SCORING] Score explanation: Skill=50/50, Experience=15/15, Education=10/10, Projects=20/20, Certifications=5/5, Final=100/100
[2026-08-12 15:48:29] [INFO] [SHORTLIST] HR shortlist threshold set to 70%
[2026-08-12 15:48:29] [INFO] [SHORTLIST] Automatic shortlisting completed: 2 of 3 candidate(s) scored >= 70%
[2026-08-12 15:48:29] [WARNING] [SHORTLIST] Rejected invalid shortlist threshold; valid range is 0-100
[2026-08-12 15:48:29] [WARNING] [SHORTLIST] Rejected invalid shortlist threshold; valid range is 0-100
[2026-08-12 15:48:29] [INFO] [SHORTLIST] HR shortlist threshold set to 0%
[2026-08-12 15:48:29] [INFO] [SHORTLIST] Automatic shortlisting completed: 3 of 3 candidate(s) scored >= 0%
[2026-08-12 15:48:29] [INFO] [THREAD_POOL] Worker 140394559657664 started resume: tests/fixtures/resume_strong.txt
[2026-08-12 15:48:29] [INFO] [THREAD_POOL] Worker 140394551264960 started resume: tests/fixtures/resume_weak.txt
[2026-08-12 15:48:29] [INFO] [THREAD_POOL] Worker 140394542872256 started resume: tests/fixtures/resume_strong.txt
[2026-08-12 15:48:29] [INFO] [RESUME_PROCESSING] Resume processing started
[2026-08-12 15:48:29] [INFO] [RESUME_PROCESSING] Resume processing started
[2026-08-12 15:48:29] [INFO] [RESUME_PROCESSING] Resume processing started
[2026-08-12 15:48:29] [INFO] [RESUME_PROCESSING] TXT resume read successfully
[2026-08-12 15:48:29] [INFO] [RESUME_PROCESSING] TXT resume read successfully
[2026-08-12 15:48:29] [INFO] [THREAD_POOL] Worker 140394542872256 completed preprocessing: tests/fixtures/resume_strong.txt
[2026-08-12 15:48:29] [INFO] [RESUME_PROCESSING] TXT resume read successfully
[2026-08-12 15:48:29] [INFO] [THREAD_POOL] Worker 140394559657664 completed preprocessing: tests/fixtures/resume_strong.txt
[2026-08-12 15:48:29] [INFO] [THREAD_POOL] Worker 140394551264960 completed preprocessing: tests/fixtures/resume_weak.txt
[2026-08-12 15:48:29] [INFO] [THREAD_POOL] Parallel resume stage completed: 3 resume(s), 3 worker thread(s)
[2026-08-12 15:48:29] [INFO] [THREAD_POOL] Worker 140394542872256 started resume: tests/fixtures/resume_strong.txt
[2026-08-12 15:48:29] [INFO] [THREAD_POOL] Worker 140394551264960 started resume: tests/fixtures/resume_weak.txt
[2026-08-12 15:48:29] [INFO] [RESUME_PROCESSING] Resume processing started
[2026-08-12 15:48:29] [INFO] [RESUME_PROCESSING] Resume processing started
[2026-08-12 15:48:29] [INFO] [RESUME_PROCESSING] TXT resume read successfully
[2026-08-12 15:48:29] [INFO] [THREAD_POOL] Worker 140394542872256 completed preprocessing: tests/fixtures/resume_strong.txt
[2026-08-12 15:48:29] [INFO] [RESUME_PROCESSING] TXT resume read successfully
[2026-08-12 15:48:29] [INFO] [THREAD_POOL] Worker 140394551264960 completed preprocessing: tests/fixtures/resume_weak.txt
[2026-08-12 15:48:29] [INFO] [THREAD_POOL] Parallel resume stage completed: 2 resume(s), 2 worker thread(s)
[2026-08-12 15:48:29] [INFO] [RESUME_PROCESSING] Resume processing started
[2026-08-12 15:48:29] [INFO] [RESUME_PROCESSING] TXT resume read successfully
[2026-08-12 15:48:29] [INFO] [SCORING] Score explanation: Skill=40/50, Experience=9/15, Education=10/10, Projects=20/20, Certifications=2/5, Final=81/100
[2026-08-12 15:48:29] [INFO] [RESUME_PROCESSING] Resume processing started
[2026-08-12 15:48:29] [INFO] [RESUME_PROCESSING] TXT resume read successfully
[2026-08-12 15:48:29] [INFO] [SCORING] Score explanation: Skill=50/50, Experience=12/15, Education=10/10, Projects=20/20, Certifications=2/5, Final=94/100
[2026-08-12 15:48:29] [INFO] [RESUME_PROCESSING] Resume processing started
[2026-08-12 15:48:29] [INFO] [RESUME_PROCESSING] TXT resume read successfully
[2026-08-12 15:48:29] [INFO] [SCORING] Score explanation: Skill=0/50, Experience=0/15, Education=10/10, Projects=7/20, Certifications=0/5, Final=17/100
[2026-08-12 15:48:29] [INFO] [SHORTLIST] HR shortlist threshold set to 70%
[2026-08-12 15:48:29] [INFO] [SHORTLIST] Automatic shortlisting completed: 1 of 2 candidate(s) scored >= 70%
[2026-08-12 15:48:29] [INFO] [RESUME_PROCESSING] Resume processing started
[2026-08-12 15:48:29] [INFO] [RESUME_PROCESSING] TXT resume read successfully
[2026-08-12 15:48:29] [INFO] [SCORING] Score explanation: Skill=50/50, Experience=12/15, Education=10/10, Projects=20/20, Certifications=2/5, Final=94/100
[2026-08-12 15:48:29] [INFO] [RESUME_PROCESSING] Resume processing started
[2026-08-12 15:48:29] [INFO] [RESUME_PROCESSING] TXT resume read successfully
[2026-08-12 15:48:29] [INFO] [SCORING] Score explanation: Skill=0/50, Experience=0/15, Education=10/10, Projects=7/20, Certifications=0/5, Final=17/100
[2026-08-12 15:48:29] [INFO] [SHORTLIST] HR shortlist threshold set to 70%
[2026-08-12 15:48:29] [INFO] [SHORTLIST] Automatic shortlisting completed: 1 of 2 candidate(s) scored >= 70%
[2026-08-12 15:48:29] [INFO] [SHORTLIST] Automatic shortlist file generated
[2026-08-12 15:48:29] [INFO] [REPORT] CSV report generated with explainable score components
[2026-08-12 15:48:29] [INFO] [REPORT] TXT report generated with score breakdown
[2026-08-12 15:48:29] [INFO] [RESUME_PROCESSING] Resume processing started
[2026-08-12 15:48:29] [INFO] [RESUME_PROCESSING] TXT resume read successfully
[2026-08-12 15:48:29] [INFO] [SCORING] Score explanation: Skill=50/50, Experience=12/15, Education=10/10, Projects=20/20, Certifications=2/5, Final=94/100
[2026-08-12 15:48:29] [INFO] [RESUME_PROCESSING] Resume processing started
[2026-08-12 15:48:29] [INFO] [RESUME_PROCESSING] TXT resume read successfully
[2026-08-12 15:48:29] [INFO] [SCORING] Score explanation: Skill=0/50, Experience=0/15, Education=10/10, Projects=7/20, Certifications=0/5, Final=17/100
[2026-08-12 15:48:29] [INFO] [SHORTLIST] HR shortlist threshold set to 70%
[2026-08-12 15:48:29] [INFO] [SHORTLIST] Automatic shortlisting completed: 1 of 2 candidate(s) scored >= 70%
[2026-08-12 15:48:29] [INFO] [AUTH] Signup successful; credential stored with unique salt and SHA-256 hash
[2026-08-12 15:48:29] [INFO] [AUTH] Login successful
[2026-08-12 15:48:29] [INFO] [AUTH] Password changed successfully with a new salt
[2026-08-12 15:48:29] [INFO] [AUTH] User logout successful
[2026-08-12 15:48:29] [WARNING] [AUTH] Login failed: invalid credentials
[2026-08-12 15:48:29] [INFO] [AUTH] Login successful
[2026-08-12 15:48:29] [INFO] [AUTH] User logout successful
[2026-08-12 15:48:29] [INFO] [AUTH] Signup successful; credential stored with unique salt and SHA-256 hash
[2026-08-12 15:48:30] [INFO] [AUTH] Login successful
[2026-08-12 15:48:30] [INFO] [AUTH] Password changed successfully with a new salt
[2026-08-12 15:48:30] [INFO] [AUTH] User logout successful
[2026-08-12 15:48:30] [INFO] [AUTH] Login successful
[2026-08-12 15:48:30] [INFO] [THREAD_POOL] Worker 140394551264960 started resume: tests/fixtures/resume_strong.txt
[2026-08-12 15:48:30] [INFO] [THREAD_POOL] Worker 140394542872256 started resume: tests/fixtures/resume_weak.txt
[2026-08-12 15:48:30] [INFO] [THREAD_POOL] Worker 140394559657664 started resume: tests/fixtures/resume_strong.txt
[2026-08-12 15:48:30] [INFO] [THREAD_POOL] Worker 140394534479552 started resume: tests/fixtures/resume_weak.txt
[2026-08-12 15:48:30] [INFO] [RESUME_PROCESSING] Resume processing started
[2026-08-12 15:48:30] [INFO] [RESUME_PROCESSING] Resume processing started
[2026-08-12 15:48:30] [INFO] [RESUME_PROCESSING] Resume processing started
[2026-08-12 15:48:30] [INFO] [RESUME_PROCESSING] Resume processing started
[2026-08-12 15:48:30] [INFO] [RESUME_PROCESSING] TXT resume read successfully
[2026-08-12 15:48:30] [INFO] [RESUME_PROCESSING] TXT resume read successfully
[2026-08-12 15:48:30] [INFO] [RESUME_PROCESSING] TXT resume read successfully
[2026-08-12 15:48:30] [INFO] [THREAD_POOL] Worker 140394559657664 completed preprocessing: tests/fixtures/resume_strong.txt
[2026-08-12 15:48:30] [INFO] [RESUME_PROCESSING] TXT resume read successfully
[2026-08-12 15:48:30] [INFO] [THREAD_POOL] Worker 140394534479552 completed preprocessing: tests/fixtures/resume_weak.txt
[2026-08-12 15:48:30] [INFO] [THREAD_POOL] Worker 140394551264960 completed preprocessing: tests/fixtures/resume_strong.txt
[2026-08-12 15:48:30] [INFO] [THREAD_POOL] Worker 140394542872256 completed preprocessing: tests/fixtures/resume_weak.txt
[2026-08-12 15:48:30] [INFO] [THREAD_POOL] Parallel resume stage completed: 4 resume(s), 4 worker thread(s)
[2026-08-12 15:51:48] [INFO] [RESUME_UPLOAD] Resume validated and queued for processing
[2026-08-12 15:51:48] [ERROR] [RESUME_UPLOAD] Resume file not found
[2026-08-12 15:51:48] [WARNING] [RESUME_UPLOAD] Resume rejected: empty file
[2026-08-12 15:51:48] [WARNING] [RESUME_UPLOAD] Resume rejected: unsupported file type
[2026-08-12 15:51:48] [WARNING] [RESUME_UPLOAD] Resume rejected: invalid PDF header
[2026-08-12 15:51:48] [INFO] [RESUME_UPLOAD] Resume validated and queued for processing
[2026-08-12 15:51:48] [WARNING] [RESUME_UPLOAD] Resume rejected: invalid text content
[2026-08-12 15:51:48] [INFO] [RESUME_UPLOAD] Resume validated and queued for processing
[2026-08-12 15:51:48] [INFO] [RESUME_UPLOAD] Resume validated and queued for processing
[2026-08-12 15:51:48] [INFO] [RESUME_UPLOAD] Resume validated and queued for processing
[2026-08-12 15:51:48] [INFO] [RESUME_UPLOAD] Resume validated and queued for processing
[2026-08-12 15:51:48] [INFO] [RESUME_UPLOAD] Resume validated and queued for processing
[2026-08-12 15:51:48] [INFO] [RESUME_UPLOAD] Resume validated and queued for processing
[2026-08-12 15:51:48] [INFO] [RESUME_UPLOAD] Resume validated and queued for processing
[2026-08-12 15:51:48] [INFO] [RESUME_UPLOAD] Resume validated and queued for processing
[2026-08-12 15:51:48] [INFO] [RESUME_UPLOAD] Resume validated and queued for processing
[2026-08-12 15:51:48] [INFO] [RESUME_UPLOAD] Resume validated and queued for processing
[2026-08-12 15:51:48] [INFO] [RESUME_UPLOAD] Resume validated and queued for processing
[2026-08-12 15:51:48] [INFO] [RESUME_UPLOAD] Resume validated and queued for processing
[2026-08-12 15:51:48] [INFO] [RESUME_UPLOAD] Resume validated and queued for processing
[2026-08-12 15:51:48] [INFO] [RESUME_UPLOAD] Resume validated and queued for processing
[2026-08-12 15:51:48] [INFO] [RESUME_UPLOAD] Resume validated and queued for processing
[2026-08-12 15:51:48] [INFO] [RESUME_UPLOAD] Resume validated and queued for processing
[2026-08-12 15:51:48] [INFO] [RESUME_UPLOAD] Resume validated and queued for processing
[2026-08-12 15:51:48] [INFO] [RESUME_UPLOAD] Resume validated and queued for processing
[2026-08-12 15:51:48] [INFO] [RESUME_UPLOAD] Resume validated and queued for processing
[2026-08-12 15:51:48] [INFO] [RESUME_UPLOAD] Resume validated and queued for processing
[2026-08-12 15:51:48] [INFO] [RESUME_UPLOAD] Resume validated and queued for processing
[2026-08-12 15:51:48] [INFO] [RESUME_UPLOAD] Resume validated and queued for processing
[2026-08-12 15:51:48] [INFO] [RESUME_UPLOAD] Resume validated and queued for processing
[2026-08-12 15:51:48] [INFO] [RESUME_UPLOAD] Resume validated and queued for processing
[2026-08-12 15:51:48] [INFO] [RESUME_UPLOAD] Resume validated and queued for processing
[2026-08-12 15:51:48] [INFO] [RESUME_UPLOAD] Resume validated and queued for processing
[2026-08-12 15:51:48] [INFO] [RESUME_UPLOAD] Resume validated and queued for processing
[2026-08-12 15:51:48] [INFO] [RESUME_UPLOAD] Resume validated and queued for processing
[2026-08-12 15:51:48] [INFO] [RESUME_UPLOAD] Resume validated and queued for processing
[2026-08-12 15:51:48] [INFO] [RESUME_UPLOAD] Resume validated and queued for processing
[2026-08-12 15:51:48] [INFO] [RESUME_UPLOAD] Resume validated and queued for processing
[2026-08-12 15:51:48] [INFO] [RESUME_UPLOAD] Resume validated and queued for processing
[2026-08-12 15:51:48] [INFO] [RESUME_UPLOAD] Resume validated and queued for processing
[2026-08-12 15:51:48] [INFO] [RESUME_UPLOAD] Resume validated and queued for processing
[2026-08-12 15:51:48] [INFO] [RESUME_UPLOAD] Resume validated and queued for processing
[2026-08-12 15:51:48] [INFO] [RESUME_UPLOAD] Resume validated and queued for processing
[2026-08-12 15:51:48] [INFO] [RESUME_UPLOAD] Resume validated and queued for processing
[2026-08-12 15:51:48] [INFO] [RESUME_UPLOAD] Resume validated and queued for processing
[2026-08-12 15:51:48] [INFO] [RESUME_UPLOAD] Resume validated and queued for processing
[2026-08-12 15:51:48] [INFO] [RESUME_UPLOAD] Resume validated and queued for processing
[2026-08-12 15:51:48] [INFO] [RESUME_UPLOAD] Resume validated and queued for processing
[2026-08-12 15:51:48] [INFO] [RESUME_UPLOAD] Resume validated and queued for processing
[2026-08-12 15:51:48] [INFO] [RESUME_UPLOAD] Resume validated and queued for processing
[2026-08-12 15:51:48] [INFO] [RESUME_UPLOAD] Resume validated and queued for processing
[2026-08-12 15:51:48] [INFO] [RESUME_UPLOAD] Resume validated and queued for processing
[2026-08-12 15:51:48] [INFO] [RESUME_UPLOAD] Resume validated and queued for processing
[2026-08-12 15:51:48] [INFO] [RESUME_UPLOAD] Resume validated and queued for processing
[2026-08-12 15:51:48] [INFO] [RESUME_UPLOAD] Resume validated and queued for processing
[2026-08-12 15:51:48] [INFO] [RESUME_UPLOAD] Resume validated and queued for processing
[2026-08-12 15:51:48] [INFO] [RESUME_UPLOAD] Resume validated and queued for processing
[2026-08-12 15:51:48] [ERROR] [RESUME_UPLOAD] Resume queue capacity reached
[2026-08-12 15:51:48] [INFO] [RESUME_UPLOAD] Bulk resume scan completed
[2026-08-12 15:51:48] [WARNING] [RESUME_UPLOAD] Resume rejected: file exceeds 5 MB limit
[2026-08-12 15:51:48] [INFO] [COVERAGE] info message
[2026-08-12 15:51:48] [WARNING] [COVERAGE] warning message
[2026-08-12 15:51:48] [ERROR] [COVERAGE] error message
[2026-08-12 15:51:48] [INFO] [GENERAL] 
[2026-08-12 15:51:48] [WARNING] [GENERAL] 
[2026-08-12 15:51:48] [ERROR] [GENERAL] 
[2026-08-12 15:51:48] [INFO] [SYSTEM] HR Resume Screening System logger closed
[2026-08-12 15:51:48] [INFO] [COVERAGE] lazy reopen
[2026-08-12 15:51:48] [INFO] [SYSTEM] HR Resume Screening System logger closed
[2026-08-12 15:51:48] [INFO] [REPORT] CSV report generated with explainable score components
[2026-08-12 15:51:48] [INFO] [REPORT] TXT report generated with score breakdown
[2026-08-12 15:51:48] [INFO] [REPORT] Full report generated with automatic shortlist threshold and status
[2026-08-12 15:51:48] [ERROR] [REPORT] CSV report file could not be opened
[2026-08-12 15:51:48] [ERROR] [REPORT] TXT report file could not be opened
[2026-08-12 15:51:48] [INFO] [REPORT] CSV report generated with explainable score components
[2026-08-12 15:51:48] [INFO] [REPORT] TXT report generated with score breakdown
[2026-08-12 15:51:48] [INFO] [REPORT] Full report generated with automatic shortlist threshold and status
[2026-08-12 15:51:48] [INFO] [RESUME_PROCESSING] Resume processing started
[2026-08-12 15:51:48] [INFO] [RESUME_PROCESSING] TXT resume read successfully
[2026-08-12 15:51:48] [ERROR] [RESUME_PROCESSING] ReadResume called with empty path
[2026-08-12 15:51:48] [ERROR] [RESUME_PROCESSING] ReadResume called with empty path
[2026-08-12 15:51:48] [WARNING] [RESUME_PROCESSING] Resume is empty or unavailable
[2026-08-12 15:51:48] [WARNING] [RESUME_PROCESSING] Resume is empty or unavailable
[2026-08-12 15:51:48] [INFO] [RESUME_PROCESSING] Resume processing started
[2026-08-12 15:51:48] [INFO] [PDF_PROCESSING] PDF text extraction started
[2026-08-12 15:51:48] [ERROR] [PDF_PROCESSING] PDF text extraction failed
[2026-08-12 15:51:49] [WARNING] [RESUME_PROCESSING] Resume exceeds 5 MB processing limit
[2026-08-12 15:51:49] [INFO] [THREAD_POOL] Worker 139921373550272 started resume: tests_tmp_cov/missing.txt
[2026-08-12 15:51:49] [WARNING] [RESUME_PROCESSING] Resume is empty or unavailable
[2026-08-12 15:51:49] [ERROR] [THREAD_POOL] Worker 139921373550272 failed to read resume: tests_tmp_cov/missing.txt
[2026-08-12 15:51:49] [INFO] [THREAD_POOL] Worker 139921373550272 started resume: tests_tmp_cov/resume.txt
[2026-08-12 15:51:49] [INFO] [RESUME_PROCESSING] Resume processing started
[2026-08-12 15:51:49] [INFO] [RESUME_PROCESSING] TXT resume read successfully
[2026-08-12 15:51:49] [INFO] [THREAD_POOL] Worker 139921373550272 completed preprocessing: tests_tmp_cov/resume.txt
[2026-08-12 15:51:49] [INFO] [THREAD_POOL] Parallel resume stage completed: 2 resume(s), 1 worker thread(s)
[2026-08-12 15:51:49] [WARNING] [SHORTLIST] Rejected invalid shortlist threshold; valid range is 0-100
[2026-08-12 15:51:49] [WARNING] [SHORTLIST] Rejected invalid shortlist threshold; valid range is 0-100
[2026-08-12 15:51:49] [INFO] [SHORTLIST] HR shortlist threshold set to 70%
[2026-08-12 15:51:49] [INFO] [SHORTLIST] HR shortlist threshold set to 70%
[2026-08-12 15:51:49] [INFO] [SHORTLIST] Automatic shortlisting completed: 1 of 2 candidate(s) scored >= 70%
[2026-08-12 15:51:49] [INFO] [SHORTLIST] Automatic shortlist file generated
[2026-08-12 15:51:49] [INFO] [SHORTLIST] Automatic shortlist file generated
[2026-08-12 15:51:49] [WARNING] [AUTH] Signup rejected: invalid email format
[2026-08-12 15:51:49] [WARNING] [AUTH] Signup rejected: invalid email format
[2026-08-12 15:51:49] [WARNING] [AUTH] Signup rejected: password policy violation
[2026-08-12 15:51:49] [WARNING] [AUTH] Signup rejected: invalid email format
[2026-08-12 15:51:49] [WARNING] [AUTH] Signup rejected: invalid email format
[2026-08-12 15:51:49] [WARNING] [AUTH] Signup rejected: invalid email format
[2026-08-12 15:51:49] [WARNING] [AUTH] Signup rejected: invalid email format
[2026-08-12 15:51:49] [WARNING] [AUTH] Signup rejected: invalid email format
[2026-08-12 15:51:49] [WARNING] [AUTH] Login rejected: invalid email format
[2026-08-12 15:51:49] [INFO] [AUTH] Signup successful; credential stored with unique salt and SHA-256 hash
[2026-08-12 15:51:49] [WARNING] [AUTH] Signup rejected: duplicate email
[2026-08-12 15:51:49] [WARNING] [AUTH] Login failed: invalid credentials
[2026-08-12 15:51:49] [INFO] [AUTH] Login successful
[2026-08-12 15:51:49] [INFO] [AUTH] User logout successful
[2026-08-12 15:51:49] [WARNING] [AUTH] Logout requested with no active session
[2026-08-12 15:51:49] [WARNING] [AUTH] Password change failed: old password incorrect or user not found
[2026-08-12 15:51:49] [INFO] [AUTH] Password changed successfully with a new salt
[2026-08-12 15:51:49] [INFO] [AUTH] Login successful
[2026-08-12 15:51:49] [INFO] [AUTH] User logout successful
[2026-08-12 15:51:49] [WARNING] [AUTH] Password change rejected: validation failed
[2026-08-12 15:51:49] [INFO] [AUTH] Signup successful; credential stored with unique salt and SHA-256 hash
[2026-08-12 15:51:49] [INFO] [AUTH] Signup successful; credential stored with unique salt and SHA-256 hash
[2026-08-12 15:51:49] [WARNING] [AUTH] Signup rejected: duplicate email
[2026-08-12 15:51:49] [INFO] [AUTH] Signup successful; credential stored with unique salt and SHA-256 hash
[2026-08-12 15:51:49] [INFO] [AUTH] Signup successful; credential stored with unique salt and SHA-256 hash
[2026-08-12 15:51:49] [INFO] [AUTH] Signup successful; credential stored with unique salt and SHA-256 hash
[2026-08-12 15:51:49] [INFO] [AUTH] Signup successful; credential stored with unique salt and SHA-256 hash
[2026-08-12 15:51:49] [WARNING] [AUTH] Signup rejected: duplicate email
[2026-08-12 15:51:49] [WARNING] [AUTH] Signup rejected: invalid email format
[2026-08-12 15:51:49] [WARNING] [AUTH] Signup rejected: invalid email format
[2026-08-12 15:51:49] [WARNING] [AUTH] Signup rejected: invalid email format
[2026-08-12 15:51:49] [WARNING] [AUTH] Signup rejected: invalid email format
[2026-08-12 15:51:49] [WARNING] [AUTH] Signup rejected: invalid email format
[2026-08-12 15:51:49] [WARNING] [AUTH] Signup rejected: invalid email format
[2026-08-12 15:51:49] [WARNING] [AUTH] Signup rejected: invalid email format
[2026-08-12 15:51:49] [WARNING] [AUTH] Signup rejected: password policy violation
[2026-08-12 15:51:49] [INFO] [AUTH] Signup successful; credential stored with unique salt and SHA-256 hash
[2026-08-12 15:51:49] [INFO] [AUTH] Login successful
[2026-08-12 15:51:49] [INFO] [AUTH] Signup successful; credential stored with unique salt and SHA-256 hash
[2026-08-12 15:51:49] [WARNING] [AUTH] Login failed: invalid credentials
[2026-08-12 15:51:49] [INFO] [AUTH] Signup successful; credential stored with unique salt and SHA-256 hash
[2026-08-12 15:51:49] [WARNING] [AUTH] Login failed: invalid credentials
[2026-08-12 15:51:49] [INFO] [AUTH] Signup successful; credential stored with unique salt and SHA-256 hash
[2026-08-12 15:51:49] [INFO] [AUTH] Login successful
[2026-08-12 15:51:49] [INFO] [AUTH] Signup successful; credential stored with unique salt and SHA-256 hash
[2026-08-12 15:51:49] [INFO] [AUTH] Login successful
[2026-08-12 15:51:49] [INFO] [AUTH] User logout successful
[2026-08-12 15:51:49] [INFO] [AUTH] Signup successful; credential stored with unique salt and SHA-256 hash
[2026-08-12 15:51:49] [INFO] [AUTH] Password changed successfully with a new salt
[2026-08-12 15:51:49] [INFO] [AUTH] Login successful
[2026-08-12 15:51:49] [WARNING] [AUTH] Login failed: invalid credentials
[2026-08-12 15:51:49] [INFO] [AUTH] Signup successful; credential stored with unique salt and SHA-256 hash
[2026-08-12 15:51:49] [WARNING] [AUTH] Password change failed: old password incorrect or user not found
[2026-08-12 15:51:49] [INFO] [AUTH] Login successful
[2026-08-12 15:51:49] [INFO] [SCORING] Score explanation: Skill=50/50, Experience=6/15, Education=10/10, Projects=14/20, Certifications=2/5, Final=82/100
[2026-08-12 15:51:49] [INFO] [SCORING] Score explanation: Skill=50/50, Experience=15/15, Education=10/10, Projects=20/20, Certifications=5/5, Final=100/100
[2026-08-12 15:51:49] [INFO] [SHORTLIST] HR shortlist threshold set to 70%
[2026-08-12 15:51:49] [INFO] [SHORTLIST] Automatic shortlisting completed: 2 of 3 candidate(s) scored >= 70%
[2026-08-12 15:51:49] [WARNING] [SHORTLIST] Rejected invalid shortlist threshold; valid range is 0-100
[2026-08-12 15:51:49] [WARNING] [SHORTLIST] Rejected invalid shortlist threshold; valid range is 0-100
[2026-08-12 15:51:49] [INFO] [SHORTLIST] HR shortlist threshold set to 0%
[2026-08-12 15:51:49] [INFO] [SHORTLIST] Automatic shortlisting completed: 3 of 3 candidate(s) scored >= 0%
[2026-08-12 15:51:49] [INFO] [THREAD_POOL] Worker 139921373550272 started resume: tests/fixtures/resume_strong.txt
[2026-08-12 15:51:49] [INFO] [THREAD_POOL] Worker 139921365157568 started resume: tests/fixtures/resume_weak.txt
[2026-08-12 15:51:49] [INFO] [THREAD_POOL] Worker 139921356764864 started resume: tests/fixtures/resume_strong.txt
[2026-08-12 15:51:49] [INFO] [RESUME_PROCESSING] Resume processing started
[2026-08-12 15:51:49] [INFO] [RESUME_PROCESSING] Resume processing started
[2026-08-12 15:51:49] [INFO] [RESUME_PROCESSING] Resume processing started
[2026-08-12 15:51:49] [INFO] [RESUME_PROCESSING] TXT resume read successfully
[2026-08-12 15:51:49] [INFO] [RESUME_PROCESSING] TXT resume read successfully
[2026-08-12 15:51:49] [INFO] [THREAD_POOL] Worker 139921373550272 completed preprocessing: tests/fixtures/resume_strong.txt
[2026-08-12 15:51:49] [INFO] [THREAD_POOL] Worker 139921365157568 completed preprocessing: tests/fixtures/resume_weak.txt
[2026-08-12 15:51:49] [INFO] [RESUME_PROCESSING] TXT resume read successfully
[2026-08-12 15:51:49] [INFO] [THREAD_POOL] Worker 139921356764864 completed preprocessing: tests/fixtures/resume_strong.txt
[2026-08-12 15:51:49] [INFO] [THREAD_POOL] Parallel resume stage completed: 3 resume(s), 3 worker thread(s)
[2026-08-12 15:51:49] [INFO] [THREAD_POOL] Worker 139921356764864 started resume: tests/fixtures/resume_strong.txt
[2026-08-12 15:51:49] [INFO] [THREAD_POOL] Worker 139921365157568 started resume: tests/fixtures/resume_weak.txt
[2026-08-12 15:51:49] [INFO] [RESUME_PROCESSING] Resume processing started
[2026-08-12 15:51:49] [INFO] [RESUME_PROCESSING] Resume processing started
[2026-08-12 15:51:49] [INFO] [RESUME_PROCESSING] TXT resume read successfully
[2026-08-12 15:51:49] [INFO] [THREAD_POOL] Worker 139921356764864 completed preprocessing: tests/fixtures/resume_strong.txt
[2026-08-12 15:51:49] [INFO] [RESUME_PROCESSING] TXT resume read successfully
[2026-08-12 15:51:49] [INFO] [THREAD_POOL] Worker 139921365157568 completed preprocessing: tests/fixtures/resume_weak.txt
[2026-08-12 15:51:49] [INFO] [THREAD_POOL] Parallel resume stage completed: 2 resume(s), 2 worker thread(s)
[2026-08-12 15:51:49] [INFO] [RESUME_PROCESSING] Resume processing started
[2026-08-12 15:51:49] [INFO] [RESUME_PROCESSING] TXT resume read successfully
[2026-08-12 15:51:49] [INFO] [SCORING] Score explanation: Skill=40/50, Experience=9/15, Education=10/10, Projects=20/20, Certifications=2/5, Final=81/100
[2026-08-12 15:51:49] [INFO] [RESUME_PROCESSING] Resume processing started
[2026-08-12 15:51:49] [INFO] [RESUME_PROCESSING] TXT resume read successfully
[2026-08-12 15:51:49] [INFO] [SCORING] Score explanation: Skill=50/50, Experience=12/15, Education=10/10, Projects=20/20, Certifications=2/5, Final=94/100
[2026-08-12 15:51:49] [INFO] [RESUME_PROCESSING] Resume processing started
[2026-08-12 15:51:49] [INFO] [RESUME_PROCESSING] TXT resume read successfully
[2026-08-12 15:51:49] [INFO] [SCORING] Score explanation: Skill=0/50, Experience=0/15, Education=10/10, Projects=7/20, Certifications=0/5, Final=17/100
[2026-08-12 15:51:49] [INFO] [SHORTLIST] HR shortlist threshold set to 70%
[2026-08-12 15:51:49] [INFO] [SHORTLIST] Automatic shortlisting completed: 1 of 2 candidate(s) scored >= 70%
[2026-08-12 15:51:49] [INFO] [RESUME_PROCESSING] Resume processing started
[2026-08-12 15:51:49] [INFO] [RESUME_PROCESSING] TXT resume read successfully
[2026-08-12 15:51:49] [INFO] [SCORING] Score explanation: Skill=50/50, Experience=12/15, Education=10/10, Projects=20/20, Certifications=2/5, Final=94/100
[2026-08-12 15:51:49] [INFO] [RESUME_PROCESSING] Resume processing started
[2026-08-12 15:51:49] [INFO] [RESUME_PROCESSING] TXT resume read successfully
[2026-08-12 15:51:49] [INFO] [SCORING] Score explanation: Skill=0/50, Experience=0/15, Education=10/10, Projects=7/20, Certifications=0/5, Final=17/100
[2026-08-12 15:51:49] [INFO] [SHORTLIST] HR shortlist threshold set to 70%
[2026-08-12 15:51:49] [INFO] [SHORTLIST] Automatic shortlisting completed: 1 of 2 candidate(s) scored >= 70%
[2026-08-12 15:51:49] [INFO] [SHORTLIST] Automatic shortlist file generated
[2026-08-12 15:51:49] [INFO] [REPORT] CSV report generated with explainable score components
[2026-08-12 15:51:49] [INFO] [REPORT] TXT report generated with score breakdown
[2026-08-12 15:51:49] [INFO] [RESUME_PROCESSING] Resume processing started
[2026-08-12 15:51:49] [INFO] [RESUME_PROCESSING] TXT resume read successfully
[2026-08-12 15:51:49] [INFO] [SCORING] Score explanation: Skill=50/50, Experience=12/15, Education=10/10, Projects=20/20, Certifications=2/5, Final=94/100
[2026-08-12 15:51:49] [INFO] [RESUME_PROCESSING] Resume processing started
[2026-08-12 15:51:49] [INFO] [RESUME_PROCESSING] TXT resume read successfully
[2026-08-12 15:51:49] [INFO] [SCORING] Score explanation: Skill=0/50, Experience=0/15, Education=10/10, Projects=7/20, Certifications=0/5, Final=17/100
[2026-08-12 15:51:49] [INFO] [SHORTLIST] HR shortlist threshold set to 70%
[2026-08-12 15:51:49] [INFO] [SHORTLIST] Automatic shortlisting completed: 1 of 2 candidate(s) scored >= 70%
[2026-08-12 15:51:49] [INFO] [AUTH] Signup successful; credential stored with unique salt and SHA-256 hash
[2026-08-12 15:51:49] [INFO] [AUTH] Login successful
[2026-08-12 15:51:49] [INFO] [AUTH] Password changed successfully with a new salt
[2026-08-12 15:51:49] [INFO] [AUTH] User logout successful
[2026-08-12 15:51:49] [WARNING] [AUTH] Login failed: invalid credentials
[2026-08-12 15:51:49] [INFO] [AUTH] Login successful
[2026-08-12 15:51:49] [INFO] [AUTH] User logout successful
[2026-08-12 15:51:49] [INFO] [AUTH] Signup successful; credential stored with unique salt and SHA-256 hash
[2026-08-12 15:51:49] [INFO] [AUTH] Login successful
[2026-08-12 15:51:49] [INFO] [AUTH] Password changed successfully with a new salt
[2026-08-12 15:51:49] [INFO] [AUTH] User logout successful
[2026-08-12 15:51:49] [INFO] [AUTH] Login successful
[2026-08-12 15:51:49] [INFO] [THREAD_POOL] Worker 139921365157568 started resume: tests/fixtures/resume_strong.txt
[2026-08-12 15:51:49] [INFO] [THREAD_POOL] Worker 139921356764864 started resume: tests/fixtures/resume_weak.txt
[2026-08-12 15:51:49] [INFO] [THREAD_POOL] Worker 139921373550272 started resume: tests/fixtures/resume_strong.txt
[2026-08-12 15:51:49] [INFO] [THREAD_POOL] Worker 139921348372160 started resume: tests/fixtures/resume_weak.txt
[2026-08-12 15:51:49] [INFO] [RESUME_PROCESSING] Resume processing started
[2026-08-12 15:51:49] [INFO] [RESUME_PROCESSING] Resume processing started
[2026-08-12 15:51:49] [INFO] [RESUME_PROCESSING] Resume processing started
[2026-08-12 15:51:49] [INFO] [RESUME_PROCESSING] Resume processing started
[2026-08-12 15:51:49] [INFO] [RESUME_PROCESSING] TXT resume read successfully
[2026-08-12 15:51:49] [INFO] [RESUME_PROCESSING] TXT resume read successfully
[2026-08-12 15:51:49] [INFO] [RESUME_PROCESSING] TXT resume read successfully
[2026-08-12 15:51:49] [INFO] [THREAD_POOL] Worker 139921365157568 completed preprocessing: tests/fixtures/resume_strong.txt
[2026-08-12 15:51:49] [INFO] [THREAD_POOL] Worker 139921373550272 completed preprocessing: tests/fixtures/resume_strong.txt
[2026-08-12 15:51:49] [INFO] [THREAD_POOL] Worker 139921356764864 completed preprocessing: tests/fixtures/resume_weak.txt
[2026-08-12 15:51:49] [INFO] [RESUME_PROCESSING] TXT resume read successfully
[2026-08-12 15:51:49] [INFO] [THREAD_POOL] Worker 139921348372160 completed preprocessing: tests/fixtures/resume_weak.txt
[2026-08-12 15:51:49] [INFO] [THREAD_POOL] Parallel resume stage completed: 4 resume(s), 4 worker thread(s)
[2026-08-12 15:53:48] [INFO] [RESUME_UPLOAD] Resume validated and queued for processing
[2026-08-12 15:53:48] [ERROR] [RESUME_UPLOAD] Resume file not found
[2026-08-12 15:53:48] [WARNING] [RESUME_UPLOAD] Resume rejected: empty file
[2026-08-12 15:53:48] [WARNING] [RESUME_UPLOAD] Resume rejected: unsupported file type
[2026-08-12 15:53:48] [WARNING] [RESUME_UPLOAD] Resume rejected: invalid PDF header
[2026-08-12 15:53:48] [INFO] [RESUME_UPLOAD] Resume validated and queued for processing
[2026-08-12 15:53:48] [WARNING] [RESUME_UPLOAD] Resume rejected: invalid text content
[2026-08-12 15:53:48] [INFO] [RESUME_UPLOAD] Resume validated and queued for processing
[2026-08-12 15:53:48] [INFO] [RESUME_UPLOAD] Resume validated and queued for processing
[2026-08-12 15:53:48] [INFO] [RESUME_UPLOAD] Resume validated and queued for processing
[2026-08-12 15:53:48] [INFO] [RESUME_UPLOAD] Resume validated and queued for processing
[2026-08-12 15:53:48] [INFO] [RESUME_UPLOAD] Resume validated and queued for processing
[2026-08-12 15:53:48] [INFO] [RESUME_UPLOAD] Resume validated and queued for processing
[2026-08-12 15:53:48] [INFO] [RESUME_UPLOAD] Resume validated and queued for processing
[2026-08-12 15:53:48] [INFO] [RESUME_UPLOAD] Resume validated and queued for processing
[2026-08-12 15:53:48] [INFO] [RESUME_UPLOAD] Resume validated and queued for processing
[2026-08-12 15:53:48] [INFO] [RESUME_UPLOAD] Resume validated and queued for processing
[2026-08-12 15:53:48] [INFO] [RESUME_UPLOAD] Resume validated and queued for processing
[2026-08-12 15:53:48] [INFO] [RESUME_UPLOAD] Resume validated and queued for processing
[2026-08-12 15:53:48] [INFO] [RESUME_UPLOAD] Resume validated and queued for processing
[2026-08-12 15:53:48] [INFO] [RESUME_UPLOAD] Resume validated and queued for processing
[2026-08-12 15:53:48] [INFO] [RESUME_UPLOAD] Resume validated and queued for processing
[2026-08-12 15:53:48] [INFO] [RESUME_UPLOAD] Resume validated and queued for processing
[2026-08-12 15:53:48] [INFO] [RESUME_UPLOAD] Resume validated and queued for processing
[2026-08-12 15:53:48] [INFO] [RESUME_UPLOAD] Resume validated and queued for processing
[2026-08-12 15:53:48] [INFO] [RESUME_UPLOAD] Resume validated and queued for processing
[2026-08-12 15:53:48] [INFO] [RESUME_UPLOAD] Resume validated and queued for processing
[2026-08-12 15:53:48] [INFO] [RESUME_UPLOAD] Resume validated and queued for processing
[2026-08-12 15:53:48] [INFO] [RESUME_UPLOAD] Resume validated and queued for processing
[2026-08-12 15:53:48] [INFO] [RESUME_UPLOAD] Resume validated and queued for processing
[2026-08-12 15:53:48] [INFO] [RESUME_UPLOAD] Resume validated and queued for processing
[2026-08-12 15:53:48] [INFO] [RESUME_UPLOAD] Resume validated and queued for processing
[2026-08-12 15:53:48] [INFO] [RESUME_UPLOAD] Resume validated and queued for processing
[2026-08-12 15:53:48] [INFO] [RESUME_UPLOAD] Resume validated and queued for processing
[2026-08-12 15:53:48] [INFO] [RESUME_UPLOAD] Resume validated and queued for processing
[2026-08-12 15:53:48] [INFO] [RESUME_UPLOAD] Resume validated and queued for processing
[2026-08-12 15:53:48] [INFO] [RESUME_UPLOAD] Resume validated and queued for processing
[2026-08-12 15:53:48] [INFO] [RESUME_UPLOAD] Resume validated and queued for processing
[2026-08-12 15:53:48] [INFO] [RESUME_UPLOAD] Resume validated and queued for processing
[2026-08-12 15:53:48] [INFO] [RESUME_UPLOAD] Resume validated and queued for processing
[2026-08-12 15:53:48] [INFO] [RESUME_UPLOAD] Resume validated and queued for processing
[2026-08-12 15:53:48] [INFO] [RESUME_UPLOAD] Resume validated and queued for processing
[2026-08-12 15:53:48] [INFO] [RESUME_UPLOAD] Resume validated and queued for processing
[2026-08-12 15:53:48] [INFO] [RESUME_UPLOAD] Resume validated and queued for processing
[2026-08-12 15:53:48] [INFO] [RESUME_UPLOAD] Resume validated and queued for processing
[2026-08-12 15:53:48] [INFO] [RESUME_UPLOAD] Resume validated and queued for processing
[2026-08-12 15:53:48] [INFO] [RESUME_UPLOAD] Resume validated and queued for processing
[2026-08-12 15:53:48] [INFO] [RESUME_UPLOAD] Resume validated and queued for processing
[2026-08-12 15:53:48] [INFO] [RESUME_UPLOAD] Resume validated and queued for processing
[2026-08-12 15:53:48] [INFO] [RESUME_UPLOAD] Resume validated and queued for processing
[2026-08-12 15:53:48] [INFO] [RESUME_UPLOAD] Resume validated and queued for processing
[2026-08-12 15:53:48] [INFO] [RESUME_UPLOAD] Resume validated and queued for processing
[2026-08-12 15:53:48] [INFO] [RESUME_UPLOAD] Resume validated and queued for processing
[2026-08-12 15:53:48] [INFO] [RESUME_UPLOAD] Resume validated and queued for processing
[2026-08-12 15:53:48] [INFO] [RESUME_UPLOAD] Resume validated and queued for processing
[2026-08-12 15:53:48] [INFO] [RESUME_UPLOAD] Resume validated and queued for processing
[2026-08-12 15:53:48] [INFO] [RESUME_UPLOAD] Resume validated and queued for processing
[2026-08-12 15:53:48] [ERROR] [RESUME_UPLOAD] Resume queue capacity reached
[2026-08-12 15:53:48] [INFO] [RESUME_UPLOAD] Bulk resume scan completed
[2026-08-12 15:53:48] [WARNING] [RESUME_UPLOAD] Resume rejected: file exceeds 5 MB limit
[2026-08-12 15:53:48] [INFO] [COVERAGE] info message
[2026-08-12 15:53:48] [WARNING] [COVERAGE] warning message
[2026-08-12 15:53:48] [ERROR] [COVERAGE] error message
[2026-08-12 15:53:48] [INFO] [GENERAL] 
[2026-08-12 15:53:48] [WARNING] [GENERAL] 
[2026-08-12 15:53:48] [ERROR] [GENERAL] 
[2026-08-12 15:53:48] [INFO] [SYSTEM] HR Resume Screening System logger closed
[2026-08-12 15:53:48] [INFO] [COVERAGE] lazy reopen
[2026-08-12 15:53:48] [INFO] [SYSTEM] HR Resume Screening System logger closed
[2026-08-12 15:53:48] [INFO] [REPORT] CSV report generated with explainable score components
[2026-08-12 15:53:48] [INFO] [REPORT] TXT report generated with score breakdown
[2026-08-12 15:53:48] [INFO] [REPORT] Full report generated with automatic shortlist threshold and status
[2026-08-12 15:53:48] [ERROR] [REPORT] CSV report file could not be opened
[2026-08-12 15:53:48] [ERROR] [REPORT] TXT report file could not be opened
[2026-08-12 15:53:48] [INFO] [REPORT] CSV report generated with explainable score components
[2026-08-12 15:53:48] [INFO] [REPORT] TXT report generated with score breakdown
[2026-08-12 15:53:48] [INFO] [REPORT] Full report generated with automatic shortlist threshold and status
[2026-08-12 15:53:48] [INFO] [RESUME_PROCESSING] Resume processing started
[2026-08-12 15:53:48] [INFO] [RESUME_PROCESSING] TXT resume read successfully
[2026-08-12 15:53:48] [ERROR] [RESUME_PROCESSING] ReadResume called with empty path
[2026-08-12 15:53:48] [ERROR] [RESUME_PROCESSING] ReadResume called with empty path
[2026-08-12 15:53:48] [WARNING] [RESUME_PROCESSING] Resume is empty or unavailable
[2026-08-12 15:53:48] [WARNING] [RESUME_PROCESSING] Resume is empty or unavailable
[2026-08-12 15:53:48] [INFO] [RESUME_PROCESSING] Resume processing started
[2026-08-12 15:53:48] [INFO] [PDF_PROCESSING] PDF text extraction started
[2026-08-12 15:53:48] [ERROR] [PDF_PROCESSING] PDF text extraction failed
[2026-08-12 15:53:49] [WARNING] [RESUME_PROCESSING] Resume exceeds 5 MB processing limit
[2026-08-12 15:53:49] [INFO] [THREAD_POOL] Worker 139734462162624 started resume: tests_tmp_cov/missing.txt
[2026-08-12 15:53:49] [WARNING] [RESUME_PROCESSING] Resume is empty or unavailable
[2026-08-12 15:53:49] [ERROR] [THREAD_POOL] Worker 139734462162624 failed to read resume: tests_tmp_cov/missing.txt
[2026-08-12 15:53:49] [INFO] [THREAD_POOL] Worker 139734462162624 started resume: tests_tmp_cov/resume.txt
[2026-08-12 15:53:49] [INFO] [RESUME_PROCESSING] Resume processing started
[2026-08-12 15:53:49] [INFO] [RESUME_PROCESSING] TXT resume read successfully
[2026-08-12 15:53:49] [INFO] [THREAD_POOL] Worker 139734462162624 completed preprocessing: tests_tmp_cov/resume.txt
[2026-08-12 15:53:49] [INFO] [THREAD_POOL] Parallel resume stage completed: 2 resume(s), 1 worker thread(s)
[2026-08-12 15:53:49] [WARNING] [SHORTLIST] Rejected invalid shortlist threshold; valid range is 0-100
[2026-08-12 15:53:49] [WARNING] [SHORTLIST] Rejected invalid shortlist threshold; valid range is 0-100
[2026-08-12 15:53:49] [INFO] [SHORTLIST] HR shortlist threshold set to 70%
[2026-08-12 15:53:49] [INFO] [SHORTLIST] HR shortlist threshold set to 70%
[2026-08-12 15:53:49] [INFO] [SHORTLIST] Automatic shortlisting completed: 1 of 2 candidate(s) scored >= 70%
[2026-08-12 15:53:49] [INFO] [SHORTLIST] Automatic shortlist file generated
[2026-08-12 15:53:49] [INFO] [SHORTLIST] Automatic shortlist file generated
[2026-08-12 15:53:49] [WARNING] [AUTH] Signup rejected: invalid email format
[2026-08-12 15:53:49] [WARNING] [AUTH] Signup rejected: invalid email format
[2026-08-12 15:53:49] [WARNING] [AUTH] Signup rejected: password policy violation
[2026-08-12 15:53:49] [WARNING] [AUTH] Signup rejected: invalid email format
[2026-08-12 15:53:49] [WARNING] [AUTH] Signup rejected: invalid email format
[2026-08-12 15:53:49] [WARNING] [AUTH] Signup rejected: invalid email format
[2026-08-12 15:53:49] [WARNING] [AUTH] Signup rejected: invalid email format
[2026-08-12 15:53:49] [WARNING] [AUTH] Signup rejected: invalid email format
[2026-08-12 15:53:49] [WARNING] [AUTH] Login rejected: invalid email format
[2026-08-12 15:53:49] [INFO] [AUTH] Signup successful; credential stored with unique salt and SHA-256 hash
[2026-08-12 15:53:49] [WARNING] [AUTH] Signup rejected: duplicate email
[2026-08-12 15:53:49] [WARNING] [AUTH] Login failed: invalid credentials
[2026-08-12 15:53:49] [INFO] [AUTH] Login successful
[2026-08-12 15:53:49] [INFO] [AUTH] User logout successful
[2026-08-12 15:53:49] [WARNING] [AUTH] Logout requested with no active session
[2026-08-12 15:53:49] [WARNING] [AUTH] Password change failed: old password incorrect or user not found
[2026-08-12 15:53:49] [INFO] [AUTH] Password changed successfully with a new salt
[2026-08-12 15:53:49] [INFO] [AUTH] Login successful
[2026-08-12 15:53:49] [INFO] [AUTH] User logout successful
[2026-08-12 15:53:49] [WARNING] [AUTH] Password change rejected: validation failed
[2026-08-12 15:53:49] [INFO] [AUTH] Signup successful; credential stored with unique salt and SHA-256 hash
[2026-08-12 15:53:49] [INFO] [AUTH] Signup successful; credential stored with unique salt and SHA-256 hash
[2026-08-12 15:53:49] [WARNING] [AUTH] Signup rejected: duplicate email
[2026-08-12 15:53:49] [INFO] [AUTH] Signup successful; credential stored with unique salt and SHA-256 hash
[2026-08-12 15:53:49] [INFO] [AUTH] Signup successful; credential stored with unique salt and SHA-256 hash
[2026-08-12 15:53:49] [INFO] [AUTH] Signup successful; credential stored with unique salt and SHA-256 hash
[2026-08-12 15:53:49] [INFO] [AUTH] Signup successful; credential stored with unique salt and SHA-256 hash
[2026-08-12 15:53:49] [WARNING] [AUTH] Signup rejected: duplicate email
[2026-08-12 15:53:49] [WARNING] [AUTH] Signup rejected: invalid email format
[2026-08-12 15:53:49] [WARNING] [AUTH] Signup rejected: invalid email format
[2026-08-12 15:53:49] [WARNING] [AUTH] Signup rejected: invalid email format
[2026-08-12 15:53:49] [WARNING] [AUTH] Signup rejected: invalid email format
[2026-08-12 15:53:49] [WARNING] [AUTH] Signup rejected: invalid email format
[2026-08-12 15:53:49] [WARNING] [AUTH] Signup rejected: invalid email format
[2026-08-12 15:53:49] [WARNING] [AUTH] Signup rejected: invalid email format
[2026-08-12 15:53:49] [WARNING] [AUTH] Signup rejected: password policy violation
[2026-08-12 15:53:49] [INFO] [AUTH] Signup successful; credential stored with unique salt and SHA-256 hash
[2026-08-12 15:53:49] [INFO] [AUTH] Login successful
[2026-08-12 15:53:49] [INFO] [AUTH] Signup successful; credential stored with unique salt and SHA-256 hash
[2026-08-12 15:53:49] [WARNING] [AUTH] Login failed: invalid credentials
[2026-08-12 15:53:49] [INFO] [AUTH] Signup successful; credential stored with unique salt and SHA-256 hash
[2026-08-12 15:53:49] [WARNING] [AUTH] Login failed: invalid credentials
[2026-08-12 15:53:49] [INFO] [AUTH] Signup successful; credential stored with unique salt and SHA-256 hash
[2026-08-12 15:53:49] [INFO] [AUTH] Login successful
[2026-08-12 15:53:49] [INFO] [AUTH] Signup successful; credential stored with unique salt and SHA-256 hash
[2026-08-12 15:53:49] [INFO] [AUTH] Login successful
[2026-08-12 15:53:49] [INFO] [AUTH] User logout successful
[2026-08-12 15:53:49] [INFO] [AUTH] Signup successful; credential stored with unique salt and SHA-256 hash
[2026-08-12 15:53:49] [INFO] [AUTH] Password changed successfully with a new salt
[2026-08-12 15:53:49] [INFO] [AUTH] Login successful
[2026-08-12 15:53:49] [WARNING] [AUTH] Login failed: invalid credentials
[2026-08-12 15:53:49] [INFO] [AUTH] Signup successful; credential stored with unique salt and SHA-256 hash
[2026-08-12 15:53:49] [WARNING] [AUTH] Password change failed: old password incorrect or user not found
[2026-08-12 15:53:49] [INFO] [AUTH] Login successful
[2026-08-12 15:53:49] [INFO] [SCORING] Score explanation: Skill=50/50, Experience=6/15, Education=10/10, Projects=14/20, Certifications=2/5, Final=82/100
[2026-08-12 15:53:49] [INFO] [SCORING] Score explanation: Skill=50/50, Experience=15/15, Education=10/10, Projects=20/20, Certifications=5/5, Final=100/100
[2026-08-12 15:53:49] [INFO] [SHORTLIST] HR shortlist threshold set to 70%
[2026-08-12 15:53:49] [INFO] [SHORTLIST] Automatic shortlisting completed: 2 of 3 candidate(s) scored >= 70%
[2026-08-12 15:53:49] [WARNING] [SHORTLIST] Rejected invalid shortlist threshold; valid range is 0-100
[2026-08-12 15:53:49] [WARNING] [SHORTLIST] Rejected invalid shortlist threshold; valid range is 0-100
[2026-08-12 15:53:49] [INFO] [SHORTLIST] HR shortlist threshold set to 0%
[2026-08-12 15:53:49] [INFO] [SHORTLIST] Automatic shortlisting completed: 3 of 3 candidate(s) scored >= 0%
[2026-08-12 15:53:49] [INFO] [THREAD_POOL] Worker 139734462162624 started resume: tests/fixtures/resume_strong.txt
[2026-08-12 15:53:49] [INFO] [THREAD_POOL] Worker 139734453769920 started resume: tests/fixtures/resume_weak.txt
[2026-08-12 15:53:49] [INFO] [THREAD_POOL] Worker 139734445377216 started resume: tests/fixtures/resume_strong.txt
[2026-08-12 15:53:49] [INFO] [RESUME_PROCESSING] Resume processing started
[2026-08-12 15:53:49] [INFO] [RESUME_PROCESSING] Resume processing started
[2026-08-12 15:53:49] [INFO] [RESUME_PROCESSING] Resume processing started
[2026-08-12 15:53:49] [INFO] [RESUME_PROCESSING] TXT resume read successfully
[2026-08-12 15:53:49] [INFO] [RESUME_PROCESSING] TXT resume read successfully
[2026-08-12 15:53:49] [INFO] [THREAD_POOL] Worker 139734453769920 completed preprocessing: tests/fixtures/resume_weak.txt
[2026-08-12 15:53:49] [INFO] [THREAD_POOL] Worker 139734445377216 completed preprocessing: tests/fixtures/resume_strong.txt
[2026-08-12 15:53:49] [INFO] [RESUME_PROCESSING] TXT resume read successfully
[2026-08-12 15:53:49] [INFO] [THREAD_POOL] Worker 139734462162624 completed preprocessing: tests/fixtures/resume_strong.txt
[2026-08-12 15:53:49] [INFO] [THREAD_POOL] Parallel resume stage completed: 3 resume(s), 3 worker thread(s)
[2026-08-12 15:53:49] [INFO] [THREAD_POOL] Worker 139734445377216 started resume: tests/fixtures/resume_strong.txt
[2026-08-12 15:53:49] [INFO] [THREAD_POOL] Worker 139734453769920 started resume: tests/fixtures/resume_weak.txt
[2026-08-12 15:53:49] [INFO] [RESUME_PROCESSING] Resume processing started
[2026-08-12 15:53:49] [INFO] [RESUME_PROCESSING] Resume processing started
[2026-08-12 15:53:49] [INFO] [RESUME_PROCESSING] TXT resume read successfully
[2026-08-12 15:53:49] [INFO] [THREAD_POOL] Worker 139734445377216 completed preprocessing: tests/fixtures/resume_strong.txt
[2026-08-12 15:53:49] [INFO] [RESUME_PROCESSING] TXT resume read successfully
[2026-08-12 15:53:49] [INFO] [THREAD_POOL] Worker 139734453769920 completed preprocessing: tests/fixtures/resume_weak.txt
[2026-08-12 15:53:49] [INFO] [THREAD_POOL] Parallel resume stage completed: 2 resume(s), 2 worker thread(s)
[2026-08-12 15:53:49] [INFO] [RESUME_PROCESSING] Resume processing started
[2026-08-12 15:53:49] [INFO] [RESUME_PROCESSING] TXT resume read successfully
[2026-08-12 15:53:49] [INFO] [SCORING] Score explanation: Skill=40/50, Experience=9/15, Education=10/10, Projects=20/20, Certifications=2/5, Final=81/100
[2026-08-12 15:53:49] [INFO] [RESUME_PROCESSING] Resume processing started
[2026-08-12 15:53:49] [INFO] [RESUME_PROCESSING] TXT resume read successfully
[2026-08-12 15:53:49] [INFO] [SCORING] Score explanation: Skill=50/50, Experience=12/15, Education=10/10, Projects=20/20, Certifications=2/5, Final=94/100
[2026-08-12 15:53:49] [INFO] [RESUME_PROCESSING] Resume processing started
[2026-08-12 15:53:49] [INFO] [RESUME_PROCESSING] TXT resume read successfully
[2026-08-12 15:53:49] [INFO] [SCORING] Score explanation: Skill=0/50, Experience=0/15, Education=10/10, Projects=7/20, Certifications=0/5, Final=17/100
[2026-08-12 15:53:49] [INFO] [SHORTLIST] HR shortlist threshold set to 70%
[2026-08-12 15:53:49] [INFO] [SHORTLIST] Automatic shortlisting completed: 1 of 2 candidate(s) scored >= 70%
[2026-08-12 15:53:49] [INFO] [RESUME_PROCESSING] Resume processing started
[2026-08-12 15:53:49] [INFO] [RESUME_PROCESSING] TXT resume read successfully
[2026-08-12 15:53:49] [INFO] [SCORING] Score explanation: Skill=50/50, Experience=12/15, Education=10/10, Projects=20/20, Certifications=2/5, Final=94/100
[2026-08-12 15:53:49] [INFO] [RESUME_PROCESSING] Resume processing started
[2026-08-12 15:53:49] [INFO] [RESUME_PROCESSING] TXT resume read successfully
[2026-08-12 15:53:49] [INFO] [SCORING] Score explanation: Skill=0/50, Experience=0/15, Education=10/10, Projects=7/20, Certifications=0/5, Final=17/100
[2026-08-12 15:53:49] [INFO] [SHORTLIST] HR shortlist threshold set to 70%
[2026-08-12 15:53:49] [INFO] [SHORTLIST] Automatic shortlisting completed: 1 of 2 candidate(s) scored >= 70%
[2026-08-12 15:53:49] [INFO] [SHORTLIST] Automatic shortlist file generated
[2026-08-12 15:53:49] [INFO] [REPORT] CSV report generated with explainable score components
[2026-08-12 15:53:49] [INFO] [REPORT] TXT report generated with score breakdown
[2026-08-12 15:53:49] [INFO] [RESUME_PROCESSING] Resume processing started
[2026-08-12 15:53:49] [INFO] [RESUME_PROCESSING] TXT resume read successfully
[2026-08-12 15:53:49] [INFO] [SCORING] Score explanation: Skill=50/50, Experience=12/15, Education=10/10, Projects=20/20, Certifications=2/5, Final=94/100
[2026-08-12 15:53:49] [INFO] [RESUME_PROCESSING] Resume processing started
[2026-08-12 15:53:49] [INFO] [RESUME_PROCESSING] TXT resume read successfully
[2026-08-12 15:53:49] [INFO] [SCORING] Score explanation: Skill=0/50, Experience=0/15, Education=10/10, Projects=7/20, Certifications=0/5, Final=17/100
[2026-08-12 15:53:49] [INFO] [SHORTLIST] HR shortlist threshold set to 70%
[2026-08-12 15:53:49] [INFO] [SHORTLIST] Automatic shortlisting completed: 1 of 2 candidate(s) scored >= 70%
[2026-08-12 15:53:49] [INFO] [AUTH] Signup successful; credential stored with unique salt and SHA-256 hash
[2026-08-12 15:53:49] [INFO] [AUTH] Login successful
[2026-08-12 15:53:49] [INFO] [AUTH] Password changed successfully with a new salt
[2026-08-12 15:53:49] [INFO] [AUTH] User logout successful
[2026-08-12 15:53:49] [WARNING] [AUTH] Login failed: invalid credentials
[2026-08-12 15:53:49] [INFO] [AUTH] Login successful
[2026-08-12 15:53:49] [INFO] [AUTH] User logout successful
[2026-08-12 15:53:49] [INFO] [AUTH] Signup successful; credential stored with unique salt and SHA-256 hash
[2026-08-12 15:53:49] [INFO] [AUTH] Login successful
[2026-08-12 15:53:49] [INFO] [AUTH] Password changed successfully with a new salt
[2026-08-12 15:53:49] [INFO] [AUTH] User logout successful
[2026-08-12 15:53:49] [INFO] [AUTH] Login successful
[2026-08-12 15:53:49] [INFO] [THREAD_POOL] Worker 139734453769920 started resume: tests/fixtures/resume_strong.txt
[2026-08-12 15:53:49] [INFO] [THREAD_POOL] Worker 139734445377216 started resume: tests/fixtures/resume_weak.txt
[2026-08-12 15:53:49] [INFO] [THREAD_POOL] Worker 139734462162624 started resume: tests/fixtures/resume_strong.txt
[2026-08-12 15:53:49] [INFO] [THREAD_POOL] Worker 139734436984512 started resume: tests/fixtures/resume_weak.txt
[2026-08-12 15:53:49] [INFO] [RESUME_PROCESSING] Resume processing started
[2026-08-12 15:53:49] [INFO] [RESUME_PROCESSING] Resume processing started
[2026-08-12 15:53:49] [INFO] [RESUME_PROCESSING] Resume processing started
[2026-08-12 15:53:49] [INFO] [RESUME_PROCESSING] Resume processing started
[2026-08-12 15:53:49] [INFO] [RESUME_PROCESSING] TXT resume read successfully
[2026-08-12 15:53:49] [INFO] [RESUME_PROCESSING] TXT resume read successfully
[2026-08-12 15:53:49] [INFO] [THREAD_POOL] Worker 139734445377216 completed preprocessing: tests/fixtures/resume_weak.txt
[2026-08-12 15:53:49] [INFO] [RESUME_PROCESSING] TXT resume read successfully
[2026-08-12 15:53:49] [INFO] [RESUME_PROCESSING] TXT resume read successfully
[2026-08-12 15:53:49] [INFO] [THREAD_POOL] Worker 139734436984512 completed preprocessing: tests/fixtures/resume_weak.txt
[2026-08-12 15:53:49] [INFO] [THREAD_POOL] Worker 139734453769920 completed preprocessing: tests/fixtures/resume_strong.txt
[2026-08-12 15:53:49] [INFO] [THREAD_POOL] Worker 139734462162624 completed preprocessing: tests/fixtures/resume_strong.txt
[2026-08-12 15:53:49] [INFO] [THREAD_POOL] Parallel resume stage completed: 4 resume(s), 4 worker thread(s)
[2026-08-12 15:56:19] [INFO] [RESUME_UPLOAD] Resume validated and queued for processing
[2026-08-12 15:56:19] [ERROR] [RESUME_UPLOAD] Resume file not found
[2026-08-12 15:56:19] [WARNING] [RESUME_UPLOAD] Resume rejected: empty file
[2026-08-12 15:56:19] [WARNING] [RESUME_UPLOAD] Resume rejected: unsupported file type
[2026-08-12 15:56:19] [WARNING] [RESUME_UPLOAD] Resume rejected: invalid PDF header
[2026-08-12 15:56:19] [INFO] [RESUME_UPLOAD] Resume validated and queued for processing
[2026-08-12 15:56:19] [WARNING] [RESUME_UPLOAD] Resume rejected: invalid text content
[2026-08-12 15:56:19] [INFO] [RESUME_UPLOAD] Resume validated and queued for processing
[2026-08-12 15:56:19] [INFO] [RESUME_UPLOAD] Resume validated and queued for processing
[2026-08-12 15:56:19] [INFO] [RESUME_UPLOAD] Resume validated and queued for processing
[2026-08-12 15:56:19] [INFO] [RESUME_UPLOAD] Resume validated and queued for processing
[2026-08-12 15:56:19] [INFO] [RESUME_UPLOAD] Resume validated and queued for processing
[2026-08-12 15:56:19] [INFO] [RESUME_UPLOAD] Resume validated and queued for processing
[2026-08-12 15:56:19] [INFO] [RESUME_UPLOAD] Resume validated and queued for processing
[2026-08-12 15:56:19] [INFO] [RESUME_UPLOAD] Resume validated and queued for processing
[2026-08-12 15:56:19] [INFO] [RESUME_UPLOAD] Resume validated and queued for processing
[2026-08-12 15:56:19] [INFO] [RESUME_UPLOAD] Resume validated and queued for processing
[2026-08-12 15:56:19] [INFO] [RESUME_UPLOAD] Resume validated and queued for processing
[2026-08-12 15:56:19] [INFO] [RESUME_UPLOAD] Resume validated and queued for processing
[2026-08-12 15:56:19] [INFO] [RESUME_UPLOAD] Resume validated and queued for processing
[2026-08-12 15:56:19] [INFO] [RESUME_UPLOAD] Resume validated and queued for processing
[2026-08-12 15:56:19] [INFO] [RESUME_UPLOAD] Resume validated and queued for processing
[2026-08-12 15:56:19] [INFO] [RESUME_UPLOAD] Resume validated and queued for processing
[2026-08-12 15:56:19] [INFO] [RESUME_UPLOAD] Resume validated and queued for processing
[2026-08-12 15:56:19] [INFO] [RESUME_UPLOAD] Resume validated and queued for processing
[2026-08-12 15:56:19] [INFO] [RESUME_UPLOAD] Resume validated and queued for processing
[2026-08-12 15:56:19] [INFO] [RESUME_UPLOAD] Resume validated and queued for processing
[2026-08-12 15:56:19] [INFO] [RESUME_UPLOAD] Resume validated and queued for processing
[2026-08-12 15:56:19] [INFO] [RESUME_UPLOAD] Resume validated and queued for processing
[2026-08-12 15:56:19] [INFO] [RESUME_UPLOAD] Resume validated and queued for processing
[2026-08-12 15:56:19] [INFO] [RESUME_UPLOAD] Resume validated and queued for processing
[2026-08-12 15:56:19] [INFO] [RESUME_UPLOAD] Resume validated and queued for processing
[2026-08-12 15:56:19] [INFO] [RESUME_UPLOAD] Resume validated and queued for processing
[2026-08-12 15:56:19] [INFO] [RESUME_UPLOAD] Resume validated and queued for processing
[2026-08-12 15:56:19] [INFO] [RESUME_UPLOAD] Resume validated and queued for processing
[2026-08-12 15:56:19] [INFO] [RESUME_UPLOAD] Resume validated and queued for processing
[2026-08-12 15:56:19] [INFO] [RESUME_UPLOAD] Resume validated and queued for processing
[2026-08-12 15:56:19] [INFO] [RESUME_UPLOAD] Resume validated and queued for processing
[2026-08-12 15:56:19] [INFO] [RESUME_UPLOAD] Resume validated and queued for processing
[2026-08-12 15:56:19] [INFO] [RESUME_UPLOAD] Resume validated and queued for processing
[2026-08-12 15:56:19] [INFO] [RESUME_UPLOAD] Resume validated and queued for processing
[2026-08-12 15:56:19] [INFO] [RESUME_UPLOAD] Resume validated and queued for processing
[2026-08-12 15:56:19] [INFO] [RESUME_UPLOAD] Resume validated and queued for processing
[2026-08-12 15:56:19] [INFO] [RESUME_UPLOAD] Resume validated and queued for processing
[2026-08-12 15:56:19] [INFO] [RESUME_UPLOAD] Resume validated and queued for processing
[2026-08-12 15:56:19] [INFO] [RESUME_UPLOAD] Resume validated and queued for processing
[2026-08-12 15:56:19] [INFO] [RESUME_UPLOAD] Resume validated and queued for processing
[2026-08-12 15:56:19] [INFO] [RESUME_UPLOAD] Resume validated and queued for processing
[2026-08-12 15:56:19] [INFO] [RESUME_UPLOAD] Resume validated and queued for processing
[2026-08-12 15:56:19] [INFO] [RESUME_UPLOAD] Resume validated and queued for processing
[2026-08-12 15:56:19] [INFO] [RESUME_UPLOAD] Resume validated and queued for processing
[2026-08-12 15:56:19] [INFO] [RESUME_UPLOAD] Resume validated and queued for processing
[2026-08-12 15:56:19] [INFO] [RESUME_UPLOAD] Resume validated and queued for processing
[2026-08-12 15:56:19] [INFO] [RESUME_UPLOAD] Resume validated and queued for processing
[2026-08-12 15:56:19] [INFO] [RESUME_UPLOAD] Resume validated and queued for processing
[2026-08-12 15:56:19] [INFO] [RESUME_UPLOAD] Resume validated and queued for processing
[2026-08-12 15:56:19] [INFO] [RESUME_UPLOAD] Resume validated and queued for processing
[2026-08-12 15:56:19] [ERROR] [RESUME_UPLOAD] Resume queue capacity reached
[2026-08-12 15:56:19] [INFO] [RESUME_UPLOAD] Bulk resume scan completed
[2026-08-12 15:56:19] [WARNING] [RESUME_UPLOAD] Resume rejected: file exceeds 5 MB limit
[2026-08-12 15:56:19] [INFO] [COVERAGE] info message
[2026-08-12 15:56:19] [WARNING] [COVERAGE] warning message
[2026-08-12 15:56:19] [ERROR] [COVERAGE] error message
[2026-08-12 15:56:19] [INFO] [GENERAL] 
[2026-08-12 15:56:19] [WARNING] [GENERAL] 
[2026-08-12 15:56:19] [ERROR] [GENERAL] 
[2026-08-12 15:56:19] [INFO] [SYSTEM] HR Resume Screening System logger closed
[2026-08-12 15:56:19] [INFO] [COVERAGE] lazy reopen
[2026-08-12 15:56:19] [INFO] [SYSTEM] HR Resume Screening System logger closed
[2026-08-12 15:56:19] [INFO] [REPORT] CSV report generated with explainable score components
[2026-08-12 15:56:19] [INFO] [REPORT] TXT report generated with score breakdown
[2026-08-12 15:56:19] [INFO] [REPORT] Full report generated with automatic shortlist threshold and status
[2026-08-12 15:56:20] [ERROR] [REPORT] CSV report file could not be opened
[2026-08-12 15:56:20] [ERROR] [REPORT] TXT report file could not be opened
[2026-08-12 15:56:20] [INFO] [REPORT] CSV report generated with explainable score components
[2026-08-12 15:56:20] [INFO] [REPORT] TXT report generated with score breakdown
[2026-08-12 15:56:20] [INFO] [REPORT] Full report generated with automatic shortlist threshold and status
[2026-08-12 15:56:20] [INFO] [RESUME_PROCESSING] Resume processing started
[2026-08-12 15:56:20] [INFO] [RESUME_PROCESSING] TXT resume read successfully
[2026-08-12 15:56:20] [ERROR] [RESUME_PROCESSING] ReadResume called with empty path
[2026-08-12 15:56:20] [ERROR] [RESUME_PROCESSING] ReadResume called with empty path
[2026-08-12 15:56:20] [WARNING] [RESUME_PROCESSING] Resume is empty or unavailable
[2026-08-12 15:56:20] [WARNING] [RESUME_PROCESSING] Resume is empty or unavailable
[2026-08-12 15:56:20] [INFO] [RESUME_PROCESSING] Resume processing started
[2026-08-12 15:56:20] [INFO] [PDF_PROCESSING] PDF text extraction started
[2026-08-12 15:56:20] [ERROR] [PDF_PROCESSING] PDF text extraction failed
[2026-08-12 15:56:20] [WARNING] [RESUME_PROCESSING] Resume exceeds 5 MB processing limit
[2026-08-12 15:56:20] [INFO] [THREAD_POOL] Worker 139780880791232 started resume: tests_tmp_cov/missing.txt
[2026-08-12 15:56:20] [WARNING] [RESUME_PROCESSING] Resume is empty or unavailable
[2026-08-12 15:56:20] [ERROR] [THREAD_POOL] Worker 139780880791232 failed to read resume: tests_tmp_cov/missing.txt
[2026-08-12 15:56:20] [INFO] [THREAD_POOL] Worker 139780880791232 started resume: tests_tmp_cov/resume.txt
[2026-08-12 15:56:20] [INFO] [RESUME_PROCESSING] Resume processing started
[2026-08-12 15:56:20] [INFO] [RESUME_PROCESSING] TXT resume read successfully
[2026-08-12 15:56:20] [INFO] [THREAD_POOL] Worker 139780880791232 completed preprocessing: tests_tmp_cov/resume.txt
[2026-08-12 15:56:20] [INFO] [THREAD_POOL] Parallel resume stage completed: 2 resume(s), 1 worker thread(s)
[2026-08-12 15:56:20] [WARNING] [SHORTLIST] Rejected invalid shortlist threshold; valid range is 0-100
[2026-08-12 15:56:20] [WARNING] [SHORTLIST] Rejected invalid shortlist threshold; valid range is 0-100
[2026-08-12 15:56:20] [INFO] [SHORTLIST] HR shortlist threshold set to 70%
[2026-08-12 15:56:20] [INFO] [SHORTLIST] HR shortlist threshold set to 70%
[2026-08-12 15:56:20] [INFO] [SHORTLIST] Automatic shortlisting completed: 1 of 2 candidate(s) scored >= 70%
[2026-08-12 15:56:20] [INFO] [SHORTLIST] Automatic shortlist file generated
[2026-08-12 15:56:20] [INFO] [SHORTLIST] Automatic shortlist file generated
[2026-08-12 15:56:20] [WARNING] [AUTH] Signup rejected: invalid email format
[2026-08-12 15:56:20] [WARNING] [AUTH] Signup rejected: invalid email format
[2026-08-12 15:56:20] [WARNING] [AUTH] Signup rejected: password policy violation
[2026-08-12 15:56:20] [WARNING] [AUTH] Signup rejected: invalid email format
[2026-08-12 15:56:20] [WARNING] [AUTH] Signup rejected: invalid email format
[2026-08-12 15:56:20] [WARNING] [AUTH] Signup rejected: invalid email format
[2026-08-12 15:56:20] [WARNING] [AUTH] Signup rejected: invalid email format
[2026-08-12 15:56:20] [WARNING] [AUTH] Signup rejected: invalid email format
[2026-08-12 15:56:20] [WARNING] [AUTH] Login rejected: invalid email format
[2026-08-12 15:56:20] [INFO] [AUTH] Signup successful; credential stored with unique salt and SHA-256 hash
[2026-08-12 15:56:20] [WARNING] [AUTH] Signup rejected: duplicate email
[2026-08-12 15:56:20] [WARNING] [AUTH] Login failed: invalid credentials
[2026-08-12 15:56:20] [INFO] [AUTH] Login successful
[2026-08-12 15:56:20] [INFO] [AUTH] User logout successful
[2026-08-12 15:56:20] [WARNING] [AUTH] Logout requested with no active session
[2026-08-12 15:56:20] [WARNING] [AUTH] Password change failed: old password incorrect or user not found
[2026-08-12 15:56:20] [INFO] [AUTH] Password changed successfully with a new salt
[2026-08-12 15:56:20] [INFO] [AUTH] Login successful
[2026-08-12 15:56:20] [INFO] [AUTH] User logout successful
[2026-08-12 15:56:20] [WARNING] [AUTH] Password change rejected: validation failed
[2026-08-12 15:56:20] [INFO] [AUTH] Signup successful; credential stored with unique salt and SHA-256 hash
[2026-08-12 15:56:20] [INFO] [AUTH] Signup successful; credential stored with unique salt and SHA-256 hash
[2026-08-12 15:56:20] [WARNING] [AUTH] Signup rejected: duplicate email
[2026-08-12 15:56:20] [INFO] [AUTH] Signup successful; credential stored with unique salt and SHA-256 hash
[2026-08-12 15:56:20] [INFO] [AUTH] Signup successful; credential stored with unique salt and SHA-256 hash
[2026-08-12 15:56:20] [INFO] [AUTH] Signup successful; credential stored with unique salt and SHA-256 hash
[2026-08-12 15:56:20] [INFO] [AUTH] Signup successful; credential stored with unique salt and SHA-256 hash
[2026-08-12 15:56:20] [WARNING] [AUTH] Signup rejected: duplicate email
[2026-08-12 15:56:20] [WARNING] [AUTH] Signup rejected: invalid email format
[2026-08-12 15:56:20] [WARNING] [AUTH] Signup rejected: invalid email format
[2026-08-12 15:56:20] [WARNING] [AUTH] Signup rejected: invalid email format
[2026-08-12 15:56:20] [WARNING] [AUTH] Signup rejected: invalid email format
[2026-08-12 15:56:20] [WARNING] [AUTH] Signup rejected: invalid email format
[2026-08-12 15:56:20] [WARNING] [AUTH] Signup rejected: invalid email format
[2026-08-12 15:56:20] [WARNING] [AUTH] Signup rejected: invalid email format
[2026-08-12 15:56:20] [WARNING] [AUTH] Signup rejected: password policy violation
[2026-08-12 15:56:20] [INFO] [AUTH] Signup successful; credential stored with unique salt and SHA-256 hash
[2026-08-12 15:56:20] [INFO] [AUTH] Login successful
[2026-08-12 15:56:20] [INFO] [AUTH] Signup successful; credential stored with unique salt and SHA-256 hash
[2026-08-12 15:56:20] [WARNING] [AUTH] Login failed: invalid credentials
[2026-08-12 15:56:20] [INFO] [AUTH] Signup successful; credential stored with unique salt and SHA-256 hash
[2026-08-12 15:56:20] [WARNING] [AUTH] Login failed: invalid credentials
[2026-08-12 15:56:20] [INFO] [AUTH] Signup successful; credential stored with unique salt and SHA-256 hash
[2026-08-12 15:56:20] [INFO] [AUTH] Login successful
[2026-08-12 15:56:20] [INFO] [AUTH] Signup successful; credential stored with unique salt and SHA-256 hash
[2026-08-12 15:56:20] [INFO] [AUTH] Login successful
[2026-08-12 15:56:20] [INFO] [AUTH] User logout successful
[2026-08-12 15:56:20] [INFO] [AUTH] Signup successful; credential stored with unique salt and SHA-256 hash
[2026-08-12 15:56:20] [INFO] [AUTH] Password changed successfully with a new salt
[2026-08-12 15:56:20] [INFO] [AUTH] Login successful
[2026-08-12 15:56:20] [WARNING] [AUTH] Login failed: invalid credentials
[2026-08-12 15:56:20] [INFO] [AUTH] Signup successful; credential stored with unique salt and SHA-256 hash
[2026-08-12 15:56:20] [WARNING] [AUTH] Password change failed: old password incorrect or user not found
[2026-08-12 15:56:20] [INFO] [AUTH] Login successful
[2026-08-12 15:56:20] [INFO] [SCORING] Score explanation: Skill=50/50, Experience=6/15, Education=10/10, Projects=14/20, Certifications=2/5, Final=82/100
[2026-08-12 15:56:20] [INFO] [SCORING] Score explanation: Skill=50/50, Experience=15/15, Education=10/10, Projects=20/20, Certifications=5/5, Final=100/100
[2026-08-12 15:56:20] [INFO] [SHORTLIST] HR shortlist threshold set to 70%
[2026-08-12 15:56:20] [INFO] [SHORTLIST] Automatic shortlisting completed: 2 of 3 candidate(s) scored >= 70%
[2026-08-12 15:56:20] [WARNING] [SHORTLIST] Rejected invalid shortlist threshold; valid range is 0-100
[2026-08-12 15:56:20] [WARNING] [SHORTLIST] Rejected invalid shortlist threshold; valid range is 0-100
[2026-08-12 15:56:20] [INFO] [SHORTLIST] HR shortlist threshold set to 0%
[2026-08-12 15:56:20] [INFO] [SHORTLIST] Automatic shortlisting completed: 3 of 3 candidate(s) scored >= 0%
[2026-08-12 15:56:20] [INFO] [THREAD_POOL] Worker 139780880791232 started resume: tests/fixtures/resume_strong.txt
[2026-08-12 15:56:20] [INFO] [THREAD_POOL] Worker 139780872398528 started resume: tests/fixtures/resume_weak.txt
[2026-08-12 15:56:20] [INFO] [THREAD_POOL] Worker 139780864005824 started resume: tests/fixtures/resume_strong.txt
[2026-08-12 15:56:20] [INFO] [RESUME_PROCESSING] Resume processing started
[2026-08-12 15:56:20] [INFO] [RESUME_PROCESSING] Resume processing started
[2026-08-12 15:56:20] [INFO] [RESUME_PROCESSING] Resume processing started
[2026-08-12 15:56:20] [INFO] [RESUME_PROCESSING] TXT resume read successfully
[2026-08-12 15:56:20] [INFO] [RESUME_PROCESSING] TXT resume read successfully
[2026-08-12 15:56:20] [INFO] [THREAD_POOL] Worker 139780864005824 completed preprocessing: tests/fixtures/resume_strong.txt
[2026-08-12 15:56:20] [INFO] [RESUME_PROCESSING] TXT resume read successfully
[2026-08-12 15:56:20] [INFO] [THREAD_POOL] Worker 139780872398528 completed preprocessing: tests/fixtures/resume_weak.txt
[2026-08-12 15:56:20] [INFO] [THREAD_POOL] Worker 139780880791232 completed preprocessing: tests/fixtures/resume_strong.txt
[2026-08-12 15:56:20] [INFO] [THREAD_POOL] Parallel resume stage completed: 3 resume(s), 3 worker thread(s)
[2026-08-12 15:56:20] [INFO] [THREAD_POOL] Worker 139780864005824 started resume: tests/fixtures/resume_strong.txt
[2026-08-12 15:56:20] [INFO] [THREAD_POOL] Worker 139780872398528 started resume: tests/fixtures/resume_weak.txt
[2026-08-12 15:56:20] [INFO] [RESUME_PROCESSING] Resume processing started
[2026-08-12 15:56:20] [INFO] [RESUME_PROCESSING] Resume processing started
[2026-08-12 15:56:20] [INFO] [RESUME_PROCESSING] TXT resume read successfully
[2026-08-12 15:56:20] [INFO] [THREAD_POOL] Worker 139780864005824 completed preprocessing: tests/fixtures/resume_strong.txt
[2026-08-12 15:56:20] [INFO] [RESUME_PROCESSING] TXT resume read successfully
[2026-08-12 15:56:20] [INFO] [THREAD_POOL] Worker 139780872398528 completed preprocessing: tests/fixtures/resume_weak.txt
[2026-08-12 15:56:20] [INFO] [THREAD_POOL] Parallel resume stage completed: 2 resume(s), 2 worker thread(s)
[2026-08-12 15:56:20] [INFO] [RESUME_PROCESSING] Resume processing started
[2026-08-12 15:56:20] [INFO] [RESUME_PROCESSING] TXT resume read successfully
[2026-08-12 15:56:20] [INFO] [SCORING] Score explanation: Skill=40/50, Experience=9/15, Education=10/10, Projects=20/20, Certifications=2/5, Final=81/100
[2026-08-12 15:56:20] [INFO] [RESUME_PROCESSING] Resume processing started
[2026-08-12 15:56:20] [INFO] [RESUME_PROCESSING] TXT resume read successfully
[2026-08-12 15:56:20] [INFO] [SCORING] Score explanation: Skill=50/50, Experience=12/15, Education=10/10, Projects=20/20, Certifications=2/5, Final=94/100
[2026-08-12 15:56:20] [INFO] [RESUME_PROCESSING] Resume processing started
[2026-08-12 15:56:20] [INFO] [RESUME_PROCESSING] TXT resume read successfully
[2026-08-12 15:56:20] [INFO] [SCORING] Score explanation: Skill=0/50, Experience=0/15, Education=10/10, Projects=7/20, Certifications=0/5, Final=17/100
[2026-08-12 15:56:20] [INFO] [SHORTLIST] HR shortlist threshold set to 70%
[2026-08-12 15:56:20] [INFO] [SHORTLIST] Automatic shortlisting completed: 1 of 2 candidate(s) scored >= 70%
[2026-08-12 15:56:20] [INFO] [RESUME_PROCESSING] Resume processing started
[2026-08-12 15:56:20] [INFO] [RESUME_PROCESSING] TXT resume read successfully
[2026-08-12 15:56:20] [INFO] [SCORING] Score explanation: Skill=50/50, Experience=12/15, Education=10/10, Projects=20/20, Certifications=2/5, Final=94/100
[2026-08-12 15:56:20] [INFO] [RESUME_PROCESSING] Resume processing started
[2026-08-12 15:56:20] [INFO] [RESUME_PROCESSING] TXT resume read successfully
[2026-08-12 15:56:20] [INFO] [SCORING] Score explanation: Skill=0/50, Experience=0/15, Education=10/10, Projects=7/20, Certifications=0/5, Final=17/100
[2026-08-12 15:56:20] [INFO] [SHORTLIST] HR shortlist threshold set to 70%
[2026-08-12 15:56:20] [INFO] [SHORTLIST] Automatic shortlisting completed: 1 of 2 candidate(s) scored >= 70%
[2026-08-12 15:56:20] [INFO] [SHORTLIST] Automatic shortlist file generated
[2026-08-12 15:56:20] [INFO] [REPORT] CSV report generated with explainable score components
[2026-08-12 15:56:20] [INFO] [REPORT] TXT report generated with score breakdown
[2026-08-12 15:56:21] [INFO] [RESUME_PROCESSING] Resume processing started
[2026-08-12 15:56:21] [INFO] [RESUME_PROCESSING] TXT resume read successfully
[2026-08-12 15:56:21] [INFO] [SCORING] Score explanation: Skill=50/50, Experience=12/15, Education=10/10, Projects=20/20, Certifications=2/5, Final=94/100
[2026-08-12 15:56:21] [INFO] [RESUME_PROCESSING] Resume processing started
[2026-08-12 15:56:21] [INFO] [RESUME_PROCESSING] TXT resume read successfully
[2026-08-12 15:56:21] [INFO] [SCORING] Score explanation: Skill=0/50, Experience=0/15, Education=10/10, Projects=7/20, Certifications=0/5, Final=17/100
[2026-08-12 15:56:21] [INFO] [SHORTLIST] HR shortlist threshold set to 70%
[2026-08-12 15:56:21] [INFO] [SHORTLIST] Automatic shortlisting completed: 1 of 2 candidate(s) scored >= 70%
[2026-08-12 15:56:21] [INFO] [AUTH] Signup successful; credential stored with unique salt and SHA-256 hash
[2026-08-12 15:56:21] [INFO] [AUTH] Login successful
[2026-08-12 15:56:21] [INFO] [AUTH] Password changed successfully with a new salt
[2026-08-12 15:56:21] [INFO] [AUTH] User logout successful
[2026-08-12 15:56:21] [WARNING] [AUTH] Login failed: invalid credentials
[2026-08-12 15:56:21] [INFO] [AUTH] Login successful
[2026-08-12 15:56:21] [INFO] [AUTH] User logout successful
[2026-08-12 15:56:21] [INFO] [AUTH] Signup successful; credential stored with unique salt and SHA-256 hash
[2026-08-12 15:56:21] [INFO] [AUTH] Login successful
[2026-08-12 15:56:21] [INFO] [AUTH] Password changed successfully with a new salt
[2026-08-12 15:56:21] [INFO] [AUTH] User logout successful
[2026-08-12 15:56:21] [INFO] [AUTH] Login successful
[2026-08-12 15:56:21] [INFO] [THREAD_POOL] Worker 139780872398528 started resume: tests/fixtures/resume_strong.txt
[2026-08-12 15:56:21] [INFO] [THREAD_POOL] Worker 139780864005824 started resume: tests/fixtures/resume_weak.txt
[2026-08-12 15:56:21] [INFO] [THREAD_POOL] Worker 139780880791232 started resume: tests/fixtures/resume_strong.txt
[2026-08-12 15:56:21] [INFO] [THREAD_POOL] Worker 139780650170048 started resume: tests/fixtures/resume_weak.txt
[2026-08-12 15:56:21] [INFO] [RESUME_PROCESSING] Resume processing started
[2026-08-12 15:56:21] [INFO] [RESUME_PROCESSING] Resume processing started
[2026-08-12 15:56:21] [INFO] [RESUME_PROCESSING] Resume processing started
[2026-08-12 15:56:21] [INFO] [RESUME_PROCESSING] TXT resume read successfully
[2026-08-12 15:56:21] [INFO] [RESUME_PROCESSING] Resume processing started
[2026-08-12 15:56:21] [INFO] [THREAD_POOL] Worker 139780864005824 completed preprocessing: tests/fixtures/resume_weak.txt
[2026-08-12 15:56:21] [INFO] [RESUME_PROCESSING] TXT resume read successfully
[2026-08-12 15:56:21] [INFO] [RESUME_PROCESSING] TXT resume read successfully
[2026-08-12 15:56:21] [INFO] [THREAD_POOL] Worker 139780872398528 completed preprocessing: tests/fixtures/resume_strong.txt
[2026-08-12 15:56:21] [INFO] [THREAD_POOL] Worker 139780880791232 completed preprocessing: tests/fixtures/resume_strong.txt
[2026-08-12 15:56:21] [INFO] [RESUME_PROCESSING] TXT resume read successfully
[2026-08-12 15:56:21] [INFO] [THREAD_POOL] Worker 139780650170048 completed preprocessing: tests/fixtures/resume_weak.txt
[2026-08-12 15:56:21] [INFO] [THREAD_POOL] Parallel resume stage completed: 4 resume(s), 4 worker thread(s)
[2026-08-12 15:57:55] [INFO] [RESUME_UPLOAD] Resume validated and queued for processing
[2026-08-12 15:57:55] [ERROR] [RESUME_UPLOAD] Resume file not found
[2026-08-12 15:57:55] [WARNING] [RESUME_UPLOAD] Resume rejected: empty file
[2026-08-12 15:57:55] [WARNING] [RESUME_UPLOAD] Resume rejected: unsupported file type
[2026-08-12 15:57:55] [WARNING] [RESUME_UPLOAD] Resume rejected: invalid PDF header
[2026-08-12 15:57:55] [INFO] [RESUME_UPLOAD] Resume validated and queued for processing
[2026-08-12 15:57:55] [WARNING] [RESUME_UPLOAD] Resume rejected: invalid text content
[2026-08-12 15:57:55] [INFO] [RESUME_UPLOAD] Resume validated and queued for processing
[2026-08-12 15:57:55] [INFO] [RESUME_UPLOAD] Resume validated and queued for processing
[2026-08-12 15:57:55] [INFO] [RESUME_UPLOAD] Resume validated and queued for processing
[2026-08-12 15:57:55] [INFO] [RESUME_UPLOAD] Resume validated and queued for processing
[2026-08-12 15:57:55] [INFO] [RESUME_UPLOAD] Resume validated and queued for processing
[2026-08-12 15:57:55] [INFO] [RESUME_UPLOAD] Resume validated and queued for processing
[2026-08-12 15:57:55] [INFO] [RESUME_UPLOAD] Resume validated and queued for processing
[2026-08-12 15:57:55] [INFO] [RESUME_UPLOAD] Resume validated and queued for processing
[2026-08-12 15:57:55] [INFO] [RESUME_UPLOAD] Resume validated and queued for processing
[2026-08-12 15:57:55] [INFO] [RESUME_UPLOAD] Resume validated and queued for processing
[2026-08-12 15:57:55] [INFO] [RESUME_UPLOAD] Resume validated and queued for processing
[2026-08-12 15:57:55] [INFO] [RESUME_UPLOAD] Resume validated and queued for processing
[2026-08-12 15:57:55] [INFO] [RESUME_UPLOAD] Resume validated and queued for processing
[2026-08-12 15:57:55] [INFO] [RESUME_UPLOAD] Resume validated and queued for processing
[2026-08-12 15:57:55] [INFO] [RESUME_UPLOAD] Resume validated and queued for processing
[2026-08-12 15:57:55] [INFO] [RESUME_UPLOAD] Resume validated and queued for processing
[2026-08-12 15:57:55] [INFO] [RESUME_UPLOAD] Resume validated and queued for processing
[2026-08-12 15:57:55] [INFO] [RESUME_UPLOAD] Resume validated and queued for processing
[2026-08-12 15:57:55] [INFO] [RESUME_UPLOAD] Resume validated and queued for processing
[2026-08-12 15:57:55] [INFO] [RESUME_UPLOAD] Resume validated and queued for processing
[2026-08-12 15:57:55] [INFO] [RESUME_UPLOAD] Resume validated and queued for processing
[2026-08-12 15:57:55] [INFO] [RESUME_UPLOAD] Resume validated and queued for processing
[2026-08-12 15:57:55] [INFO] [RESUME_UPLOAD] Resume validated and queued for processing
[2026-08-12 15:57:55] [INFO] [RESUME_UPLOAD] Resume validated and queued for processing
[2026-08-12 15:57:55] [INFO] [RESUME_UPLOAD] Resume validated and queued for processing
[2026-08-12 15:57:55] [INFO] [RESUME_UPLOAD] Resume validated and queued for processing
[2026-08-12 15:57:55] [INFO] [RESUME_UPLOAD] Resume validated and queued for processing
[2026-08-12 15:57:55] [INFO] [RESUME_UPLOAD] Resume validated and queued for processing
[2026-08-12 15:57:55] [INFO] [RESUME_UPLOAD] Resume validated and queued for processing
[2026-08-12 15:57:55] [INFO] [RESUME_UPLOAD] Resume validated and queued for processing
[2026-08-12 15:57:55] [INFO] [RESUME_UPLOAD] Resume validated and queued for processing
[2026-08-12 15:57:55] [INFO] [RESUME_UPLOAD] Resume validated and queued for processing
[2026-08-12 15:57:55] [INFO] [RESUME_UPLOAD] Resume validated and queued for processing
[2026-08-12 15:57:55] [INFO] [RESUME_UPLOAD] Resume validated and queued for processing
[2026-08-12 15:57:55] [INFO] [RESUME_UPLOAD] Resume validated and queued for processing
[2026-08-12 15:57:55] [INFO] [RESUME_UPLOAD] Resume validated and queued for processing
[2026-08-12 15:57:55] [INFO] [RESUME_UPLOAD] Resume validated and queued for processing
[2026-08-12 15:57:55] [INFO] [RESUME_UPLOAD] Resume validated and queued for processing
[2026-08-12 15:57:55] [INFO] [RESUME_UPLOAD] Resume validated and queued for processing
[2026-08-12 15:57:55] [INFO] [RESUME_UPLOAD] Resume validated and queued for processing
[2026-08-12 15:57:55] [INFO] [RESUME_UPLOAD] Resume validated and queued for processing
[2026-08-12 15:57:55] [INFO] [RESUME_UPLOAD] Resume validated and queued for processing
[2026-08-12 15:57:55] [INFO] [RESUME_UPLOAD] Resume validated and queued for processing
[2026-08-12 15:57:55] [INFO] [RESUME_UPLOAD] Resume validated and queued for processing
[2026-08-12 15:57:55] [INFO] [RESUME_UPLOAD] Resume validated and queued for processing
[2026-08-12 15:57:55] [INFO] [RESUME_UPLOAD] Resume validated and queued for processing
[2026-08-12 15:57:55] [INFO] [RESUME_UPLOAD] Resume validated and queued for processing
[2026-08-12 15:57:55] [INFO] [RESUME_UPLOAD] Resume validated and queued for processing
[2026-08-12 15:57:55] [INFO] [RESUME_UPLOAD] Resume validated and queued for processing
[2026-08-12 15:57:55] [INFO] [RESUME_UPLOAD] Resume validated and queued for processing
[2026-08-12 15:57:55] [ERROR] [RESUME_UPLOAD] Resume queue capacity reached
[2026-08-12 15:57:55] [INFO] [RESUME_UPLOAD] Bulk resume scan completed
[2026-08-12 15:57:55] [WARNING] [RESUME_UPLOAD] Resume rejected: file exceeds 5 MB limit
[2026-08-12 15:57:55] [INFO] [COVERAGE] info message
[2026-08-12 15:57:55] [WARNING] [COVERAGE] warning message
[2026-08-12 15:57:55] [ERROR] [COVERAGE] error message
[2026-08-12 15:57:55] [INFO] [GENERAL] 
[2026-08-12 15:57:55] [WARNING] [GENERAL] 
[2026-08-12 15:57:55] [ERROR] [GENERAL] 
[2026-08-12 15:57:55] [INFO] [SYSTEM] HR Resume Screening System logger closed
[2026-08-12 15:57:55] [INFO] [COVERAGE] lazy reopen
[2026-08-12 15:57:55] [INFO] [SYSTEM] HR Resume Screening System logger closed
[2026-08-12 15:57:55] [INFO] [REPORT] CSV report generated with explainable score components
[2026-08-12 15:57:55] [INFO] [REPORT] TXT report generated with score breakdown
[2026-08-12 15:57:55] [INFO] [REPORT] Full report generated with automatic shortlist threshold and status
[2026-08-12 15:57:55] [ERROR] [REPORT] CSV report file could not be opened
[2026-08-12 15:57:55] [ERROR] [REPORT] TXT report file could not be opened
[2026-08-12 15:57:56] [INFO] [REPORT] CSV report generated with explainable score components
[2026-08-12 15:57:56] [INFO] [REPORT] TXT report generated with score breakdown
[2026-08-12 15:57:56] [INFO] [REPORT] Full report generated with automatic shortlist threshold and status
[2026-08-12 15:57:56] [INFO] [RESUME_PROCESSING] Resume processing started
[2026-08-12 15:57:56] [INFO] [RESUME_PROCESSING] TXT resume read successfully
[2026-08-12 15:57:56] [ERROR] [RESUME_PROCESSING] ReadResume called with empty path
[2026-08-12 15:57:56] [ERROR] [RESUME_PROCESSING] ReadResume called with empty path
[2026-08-12 15:57:56] [WARNING] [RESUME_PROCESSING] Resume is empty or unavailable
[2026-08-12 15:57:56] [WARNING] [RESUME_PROCESSING] Resume is empty or unavailable
[2026-08-12 15:57:56] [INFO] [RESUME_PROCESSING] Resume processing started
[2026-08-12 15:57:56] [INFO] [PDF_PROCESSING] PDF text extraction started
[2026-08-12 15:57:56] [ERROR] [PDF_PROCESSING] PDF text extraction failed
[2026-08-12 15:57:56] [WARNING] [RESUME_PROCESSING] Resume exceeds 5 MB processing limit
[2026-08-12 15:57:56] [INFO] [THREAD_POOL] Worker 139800286107328 started resume: tests_tmp_cov/missing.txt
[2026-08-12 15:57:56] [WARNING] [RESUME_PROCESSING] Resume is empty or unavailable
[2026-08-12 15:57:56] [ERROR] [THREAD_POOL] Worker 139800286107328 failed to read resume: tests_tmp_cov/missing.txt
[2026-08-12 15:57:56] [INFO] [THREAD_POOL] Worker 139800286107328 started resume: tests_tmp_cov/resume.txt
[2026-08-12 15:57:56] [INFO] [RESUME_PROCESSING] Resume processing started
[2026-08-12 15:57:56] [INFO] [RESUME_PROCESSING] TXT resume read successfully
[2026-08-12 15:57:56] [INFO] [THREAD_POOL] Worker 139800286107328 completed preprocessing: tests_tmp_cov/resume.txt
[2026-08-12 15:57:56] [INFO] [THREAD_POOL] Parallel resume stage completed: 2 resume(s), 1 worker thread(s)
[2026-08-12 15:57:56] [WARNING] [SHORTLIST] Rejected invalid shortlist threshold; valid range is 0-100
[2026-08-12 15:57:56] [WARNING] [SHORTLIST] Rejected invalid shortlist threshold; valid range is 0-100
[2026-08-12 15:57:56] [INFO] [SHORTLIST] HR shortlist threshold set to 70%
[2026-08-12 15:57:56] [INFO] [SHORTLIST] HR shortlist threshold set to 70%
[2026-08-12 15:57:56] [INFO] [SHORTLIST] Automatic shortlisting completed: 1 of 2 candidate(s) scored >= 70%
[2026-08-12 15:57:56] [INFO] [SHORTLIST] Automatic shortlist file generated
[2026-08-12 15:57:56] [INFO] [SHORTLIST] Automatic shortlist file generated
[2026-08-12 15:57:56] [WARNING] [AUTH] Signup rejected: invalid email format
[2026-08-12 15:57:56] [WARNING] [AUTH] Signup rejected: invalid email format
[2026-08-12 15:57:56] [WARNING] [AUTH] Signup rejected: password policy violation
[2026-08-12 15:57:56] [WARNING] [AUTH] Signup rejected: invalid email format
[2026-08-12 15:57:56] [WARNING] [AUTH] Signup rejected: invalid email format
[2026-08-12 15:57:56] [WARNING] [AUTH] Signup rejected: invalid email format
[2026-08-12 15:57:56] [WARNING] [AUTH] Signup rejected: invalid email format
[2026-08-12 15:57:56] [WARNING] [AUTH] Signup rejected: invalid email format
[2026-08-12 15:57:56] [WARNING] [AUTH] Login rejected: invalid email format
[2026-08-12 15:57:56] [INFO] [AUTH] Signup successful; credential stored with unique salt and SHA-256 hash
[2026-08-12 15:57:56] [WARNING] [AUTH] Signup rejected: duplicate email
[2026-08-12 15:57:56] [WARNING] [AUTH] Login failed: invalid credentials
[2026-08-12 15:57:56] [INFO] [AUTH] Login successful
[2026-08-12 15:57:56] [INFO] [AUTH] User logout successful
[2026-08-12 15:57:56] [WARNING] [AUTH] Logout requested with no active session
[2026-08-12 15:57:56] [WARNING] [AUTH] Password change failed: old password incorrect or user not found
[2026-08-12 15:57:56] [INFO] [AUTH] Password changed successfully with a new salt
[2026-08-12 15:57:56] [INFO] [AUTH] Login successful
[2026-08-12 15:57:56] [INFO] [AUTH] User logout successful
[2026-08-12 15:57:56] [WARNING] [AUTH] Password change rejected: validation failed
[2026-08-12 15:57:56] [INFO] [AUTH] Signup successful; credential stored with unique salt and SHA-256 hash
[2026-08-12 15:57:56] [INFO] [AUTH] Signup successful; credential stored with unique salt and SHA-256 hash
[2026-08-12 15:57:56] [WARNING] [AUTH] Signup rejected: duplicate email
[2026-08-12 15:57:56] [INFO] [AUTH] Signup successful; credential stored with unique salt and SHA-256 hash
[2026-08-12 15:57:56] [INFO] [AUTH] Signup successful; credential stored with unique salt and SHA-256 hash
[2026-08-12 15:57:56] [INFO] [AUTH] Signup successful; credential stored with unique salt and SHA-256 hash
[2026-08-12 15:57:56] [INFO] [AUTH] Signup successful; credential stored with unique salt and SHA-256 hash
[2026-08-12 15:57:56] [WARNING] [AUTH] Signup rejected: duplicate email
[2026-08-12 15:57:56] [WARNING] [AUTH] Signup rejected: invalid email format
[2026-08-12 15:57:56] [WARNING] [AUTH] Signup rejected: invalid email format
[2026-08-12 15:57:56] [WARNING] [AUTH] Signup rejected: invalid email format
[2026-08-12 15:57:56] [WARNING] [AUTH] Signup rejected: invalid email format
[2026-08-12 15:57:56] [WARNING] [AUTH] Signup rejected: invalid email format
[2026-08-12 15:57:56] [WARNING] [AUTH] Signup rejected: invalid email format
[2026-08-12 15:57:56] [WARNING] [AUTH] Signup rejected: invalid email format
[2026-08-12 15:57:56] [WARNING] [AUTH] Signup rejected: password policy violation
[2026-08-12 15:57:56] [INFO] [AUTH] Signup successful; credential stored with unique salt and SHA-256 hash
[2026-08-12 15:57:56] [INFO] [AUTH] Login successful
[2026-08-12 15:57:56] [INFO] [AUTH] Signup successful; credential stored with unique salt and SHA-256 hash
[2026-08-12 15:57:56] [WARNING] [AUTH] Login failed: invalid credentials
[2026-08-12 15:57:56] [INFO] [AUTH] Signup successful; credential stored with unique salt and SHA-256 hash
[2026-08-12 15:57:56] [WARNING] [AUTH] Login failed: invalid credentials
[2026-08-12 15:57:56] [INFO] [AUTH] Signup successful; credential stored with unique salt and SHA-256 hash
[2026-08-12 15:57:56] [INFO] [AUTH] Login successful
[2026-08-12 15:57:56] [INFO] [AUTH] Signup successful; credential stored with unique salt and SHA-256 hash
[2026-08-12 15:57:56] [INFO] [AUTH] Login successful
[2026-08-12 15:57:56] [INFO] [AUTH] User logout successful
[2026-08-12 15:57:56] [INFO] [AUTH] Signup successful; credential stored with unique salt and SHA-256 hash
[2026-08-12 15:57:56] [INFO] [AUTH] Password changed successfully with a new salt
[2026-08-12 15:57:56] [INFO] [AUTH] Login successful
[2026-08-12 15:57:56] [WARNING] [AUTH] Login failed: invalid credentials
[2026-08-12 15:57:56] [INFO] [AUTH] Signup successful; credential stored with unique salt and SHA-256 hash
[2026-08-12 15:57:56] [WARNING] [AUTH] Password change failed: old password incorrect or user not found
[2026-08-12 15:57:56] [INFO] [AUTH] Login successful
[2026-08-12 15:57:56] [INFO] [SCORING] Score explanation: Skill=50/50, Experience=6/15, Education=10/10, Projects=14/20, Certifications=2/5, Final=82/100
[2026-08-12 15:57:56] [INFO] [SCORING] Score explanation: Skill=50/50, Experience=15/15, Education=10/10, Projects=20/20, Certifications=5/5, Final=100/100
[2026-08-12 15:57:56] [INFO] [SHORTLIST] HR shortlist threshold set to 70%
[2026-08-12 15:57:56] [INFO] [SHORTLIST] Automatic shortlisting completed: 2 of 3 candidate(s) scored >= 70%
[2026-08-12 15:57:56] [WARNING] [SHORTLIST] Rejected invalid shortlist threshold; valid range is 0-100
[2026-08-12 15:57:56] [WARNING] [SHORTLIST] Rejected invalid shortlist threshold; valid range is 0-100
[2026-08-12 15:57:56] [INFO] [SHORTLIST] HR shortlist threshold set to 0%
[2026-08-12 15:57:56] [INFO] [SHORTLIST] Automatic shortlisting completed: 3 of 3 candidate(s) scored >= 0%
[2026-08-12 15:57:56] [INFO] [THREAD_POOL] Worker 139800286107328 started resume: tests/fixtures/resume_strong.txt
[2026-08-12 15:57:56] [INFO] [THREAD_POOL] Worker 139800277714624 started resume: tests/fixtures/resume_weak.txt
[2026-08-12 15:57:56] [INFO] [THREAD_POOL] Worker 139800269321920 started resume: tests/fixtures/resume_strong.txt
[2026-08-12 15:57:56] [INFO] [RESUME_PROCESSING] Resume processing started
[2026-08-12 15:57:56] [INFO] [RESUME_PROCESSING] Resume processing started
[2026-08-12 15:57:56] [INFO] [RESUME_PROCESSING] Resume processing started
[2026-08-12 15:57:56] [INFO] [RESUME_PROCESSING] TXT resume read successfully
[2026-08-12 15:57:56] [INFO] [RESUME_PROCESSING] TXT resume read successfully
[2026-08-12 15:57:56] [INFO] [THREAD_POOL] Worker 139800277714624 completed preprocessing: tests/fixtures/resume_weak.txt
[2026-08-12 15:57:56] [INFO] [THREAD_POOL] Worker 139800286107328 completed preprocessing: tests/fixtures/resume_strong.txt
[2026-08-12 15:57:56] [INFO] [RESUME_PROCESSING] TXT resume read successfully
[2026-08-12 15:57:56] [INFO] [THREAD_POOL] Worker 139800269321920 completed preprocessing: tests/fixtures/resume_strong.txt
[2026-08-12 15:57:56] [INFO] [THREAD_POOL] Parallel resume stage completed: 3 resume(s), 3 worker thread(s)
[2026-08-12 15:57:56] [INFO] [THREAD_POOL] Worker 139800269321920 started resume: tests/fixtures/resume_strong.txt
[2026-08-12 15:57:56] [INFO] [THREAD_POOL] Worker 139800277714624 started resume: tests/fixtures/resume_weak.txt
[2026-08-12 15:57:56] [INFO] [RESUME_PROCESSING] Resume processing started
[2026-08-12 15:57:56] [INFO] [RESUME_PROCESSING] Resume processing started
[2026-08-12 15:57:56] [INFO] [RESUME_PROCESSING] TXT resume read successfully
[2026-08-12 15:57:56] [INFO] [RESUME_PROCESSING] TXT resume read successfully
[2026-08-12 15:57:56] [INFO] [THREAD_POOL] Worker 139800269321920 completed preprocessing: tests/fixtures/resume_strong.txt
[2026-08-12 15:57:56] [INFO] [THREAD_POOL] Worker 139800277714624 completed preprocessing: tests/fixtures/resume_weak.txt
[2026-08-12 15:57:56] [INFO] [THREAD_POOL] Parallel resume stage completed: 2 resume(s), 2 worker thread(s)
[2026-08-12 15:57:56] [INFO] [RESUME_PROCESSING] Resume processing started
[2026-08-12 15:57:56] [INFO] [RESUME_PROCESSING] TXT resume read successfully
[2026-08-12 15:57:56] [INFO] [SCORING] Score explanation: Skill=40/50, Experience=9/15, Education=10/10, Projects=20/20, Certifications=2/5, Final=81/100
[2026-08-12 15:57:56] [INFO] [RESUME_PROCESSING] Resume processing started
[2026-08-12 15:57:56] [INFO] [RESUME_PROCESSING] TXT resume read successfully
[2026-08-12 15:57:56] [INFO] [SCORING] Score explanation: Skill=50/50, Experience=12/15, Education=10/10, Projects=20/20, Certifications=2/5, Final=94/100
[2026-08-12 15:57:56] [INFO] [RESUME_PROCESSING] Resume processing started
[2026-08-12 15:57:56] [INFO] [RESUME_PROCESSING] TXT resume read successfully
[2026-08-12 15:57:56] [INFO] [SCORING] Score explanation: Skill=0/50, Experience=0/15, Education=10/10, Projects=7/20, Certifications=0/5, Final=17/100
[2026-08-12 15:57:56] [INFO] [SHORTLIST] HR shortlist threshold set to 70%
[2026-08-12 15:57:56] [INFO] [SHORTLIST] Automatic shortlisting completed: 1 of 2 candidate(s) scored >= 70%
[2026-08-12 15:57:56] [INFO] [RESUME_PROCESSING] Resume processing started
[2026-08-12 15:57:56] [INFO] [RESUME_PROCESSING] TXT resume read successfully
[2026-08-12 15:57:56] [INFO] [SCORING] Score explanation: Skill=50/50, Experience=12/15, Education=10/10, Projects=20/20, Certifications=2/5, Final=94/100
[2026-08-12 15:57:56] [INFO] [RESUME_PROCESSING] Resume processing started
[2026-08-12 15:57:56] [INFO] [RESUME_PROCESSING] TXT resume read successfully
[2026-08-12 15:57:56] [INFO] [SCORING] Score explanation: Skill=0/50, Experience=0/15, Education=10/10, Projects=7/20, Certifications=0/5, Final=17/100
[2026-08-12 15:57:56] [INFO] [SHORTLIST] HR shortlist threshold set to 70%
[2026-08-12 15:57:56] [INFO] [SHORTLIST] Automatic shortlisting completed: 1 of 2 candidate(s) scored >= 70%
[2026-08-12 15:57:56] [INFO] [SHORTLIST] Automatic shortlist file generated
[2026-08-12 15:57:56] [INFO] [REPORT] CSV report generated with explainable score components
[2026-08-12 15:57:56] [INFO] [REPORT] TXT report generated with score breakdown
[2026-08-12 15:57:56] [INFO] [RESUME_PROCESSING] Resume processing started
[2026-08-12 15:57:56] [INFO] [RESUME_PROCESSING] TXT resume read successfully
[2026-08-12 15:57:56] [INFO] [SCORING] Score explanation: Skill=50/50, Experience=12/15, Education=10/10, Projects=20/20, Certifications=2/5, Final=94/100
[2026-08-12 15:57:56] [INFO] [RESUME_PROCESSING] Resume processing started
[2026-08-12 15:57:56] [INFO] [RESUME_PROCESSING] TXT resume read successfully
[2026-08-12 15:57:56] [INFO] [SCORING] Score explanation: Skill=0/50, Experience=0/15, Education=10/10, Projects=7/20, Certifications=0/5, Final=17/100
[2026-08-12 15:57:56] [INFO] [SHORTLIST] HR shortlist threshold set to 70%
[2026-08-12 15:57:56] [INFO] [SHORTLIST] Automatic shortlisting completed: 1 of 2 candidate(s) scored >= 70%
[2026-08-12 15:57:56] [INFO] [AUTH] Signup successful; credential stored with unique salt and SHA-256 hash
[2026-08-12 15:57:56] [INFO] [AUTH] Login successful
[2026-08-12 15:57:56] [INFO] [AUTH] Password changed successfully with a new salt
[2026-08-12 15:57:56] [INFO] [AUTH] User logout successful
[2026-08-12 15:57:56] [WARNING] [AUTH] Login failed: invalid credentials
[2026-08-12 15:57:56] [INFO] [AUTH] Login successful
[2026-08-12 15:57:56] [INFO] [AUTH] User logout successful
[2026-08-12 15:57:56] [INFO] [AUTH] Signup successful; credential stored with unique salt and SHA-256 hash
[2026-08-12 15:57:56] [INFO] [AUTH] Login successful
[2026-08-12 15:57:56] [INFO] [AUTH] Password changed successfully with a new salt
[2026-08-12 15:57:56] [INFO] [AUTH] User logout successful
[2026-08-12 15:57:57] [INFO] [AUTH] Login successful
[2026-08-12 15:57:57] [INFO] [THREAD_POOL] Worker 139800277714624 started resume: tests/fixtures/resume_strong.txt
[2026-08-12 15:57:57] [INFO] [THREAD_POOL] Worker 139800269321920 started resume: tests/fixtures/resume_weak.txt
[2026-08-12 15:57:57] [INFO] [THREAD_POOL] Worker 139800286107328 started resume: tests/fixtures/resume_strong.txt
[2026-08-12 15:57:57] [INFO] [THREAD_POOL] Worker 139800260929216 started resume: tests/fixtures/resume_weak.txt
[2026-08-12 15:57:57] [INFO] [RESUME_PROCESSING] Resume processing started
[2026-08-12 15:57:57] [INFO] [RESUME_PROCESSING] Resume processing started
[2026-08-12 15:57:57] [INFO] [RESUME_PROCESSING] Resume processing started
[2026-08-12 15:57:57] [INFO] [RESUME_PROCESSING] Resume processing started
[2026-08-12 15:57:57] [INFO] [RESUME_PROCESSING] TXT resume read successfully
[2026-08-12 15:57:57] [INFO] [RESUME_PROCESSING] TXT resume read successfully
[2026-08-12 15:57:57] [INFO] [THREAD_POOL] Worker 139800286107328 completed preprocessing: tests/fixtures/resume_strong.txt
[2026-08-12 15:57:57] [INFO] [RESUME_PROCESSING] TXT resume read successfully
[2026-08-12 15:57:57] [INFO] [THREAD_POOL] Worker 139800260929216 completed preprocessing: tests/fixtures/resume_weak.txt
[2026-08-12 15:57:57] [INFO] [RESUME_PROCESSING] TXT resume read successfully
[2026-08-12 15:57:57] [INFO] [THREAD_POOL] Worker 139800269321920 completed preprocessing: tests/fixtures/resume_weak.txt
[2026-08-12 15:57:57] [INFO] [THREAD_POOL] Worker 139800277714624 completed preprocessing: tests/fixtures/resume_strong.txt
[2026-08-12 15:57:57] [INFO] [THREAD_POOL] Parallel resume stage completed: 4 resume(s), 4 worker thread(s)
[2026-08-12 16:00:25] [INFO] [RESUME_UPLOAD] Resume validated and queued for processing
[2026-08-12 16:00:25] [ERROR] [RESUME_UPLOAD] Resume file not found
[2026-08-12 16:00:25] [WARNING] [RESUME_UPLOAD] Resume rejected: empty file
[2026-08-12 16:00:25] [WARNING] [RESUME_UPLOAD] Resume rejected: unsupported file type
[2026-08-12 16:00:25] [WARNING] [RESUME_UPLOAD] Resume rejected: invalid PDF header
[2026-08-12 16:00:25] [INFO] [RESUME_UPLOAD] Resume validated and queued for processing
[2026-08-12 16:00:25] [WARNING] [RESUME_UPLOAD] Resume rejected: invalid text content
[2026-08-12 16:00:25] [INFO] [RESUME_UPLOAD] Resume validated and queued for processing
[2026-08-12 16:00:25] [INFO] [RESUME_UPLOAD] Resume validated and queued for processing
[2026-08-12 16:00:25] [INFO] [RESUME_UPLOAD] Resume validated and queued for processing
[2026-08-12 16:00:25] [INFO] [RESUME_UPLOAD] Resume validated and queued for processing
[2026-08-12 16:00:25] [INFO] [RESUME_UPLOAD] Resume validated and queued for processing
[2026-08-12 16:00:25] [INFO] [RESUME_UPLOAD] Resume validated and queued for processing
[2026-08-12 16:00:25] [INFO] [RESUME_UPLOAD] Resume validated and queued for processing
[2026-08-12 16:00:25] [INFO] [RESUME_UPLOAD] Resume validated and queued for processing
[2026-08-12 16:00:25] [INFO] [RESUME_UPLOAD] Resume validated and queued for processing
[2026-08-12 16:00:25] [INFO] [RESUME_UPLOAD] Resume validated and queued for processing
[2026-08-12 16:00:25] [INFO] [RESUME_UPLOAD] Resume validated and queued for processing
[2026-08-12 16:00:25] [INFO] [RESUME_UPLOAD] Resume validated and queued for processing
[2026-08-12 16:00:25] [INFO] [RESUME_UPLOAD] Resume validated and queued for processing
[2026-08-12 16:00:25] [INFO] [RESUME_UPLOAD] Resume validated and queued for processing
[2026-08-12 16:00:25] [INFO] [RESUME_UPLOAD] Resume validated and queued for processing
[2026-08-12 16:00:25] [INFO] [RESUME_UPLOAD] Resume validated and queued for processing
[2026-08-12 16:00:25] [INFO] [RESUME_UPLOAD] Resume validated and queued for processing
[2026-08-12 16:00:25] [INFO] [RESUME_UPLOAD] Resume validated and queued for processing
[2026-08-12 16:00:25] [INFO] [RESUME_UPLOAD] Resume validated and queued for processing
[2026-08-12 16:00:25] [INFO] [RESUME_UPLOAD] Resume validated and queued for processing
[2026-08-12 16:00:25] [INFO] [RESUME_UPLOAD] Resume validated and queued for processing
[2026-08-12 16:00:25] [INFO] [RESUME_UPLOAD] Resume validated and queued for processing
[2026-08-12 16:00:25] [INFO] [RESUME_UPLOAD] Resume validated and queued for processing
[2026-08-12 16:00:25] [INFO] [RESUME_UPLOAD] Resume validated and queued for processing
[2026-08-12 16:00:25] [INFO] [RESUME_UPLOAD] Resume validated and queued for processing
[2026-08-12 16:00:25] [INFO] [RESUME_UPLOAD] Resume validated and queued for processing
[2026-08-12 16:00:25] [INFO] [RESUME_UPLOAD] Resume validated and queued for processing
[2026-08-12 16:00:25] [INFO] [RESUME_UPLOAD] Resume validated and queued for processing
[2026-08-12 16:00:25] [INFO] [RESUME_UPLOAD] Resume validated and queued for processing
[2026-08-12 16:00:25] [INFO] [RESUME_UPLOAD] Resume validated and queued for processing
[2026-08-12 16:00:25] [INFO] [RESUME_UPLOAD] Resume validated and queued for processing
[2026-08-12 16:00:25] [INFO] [RESUME_UPLOAD] Resume validated and queued for processing
[2026-08-12 16:00:25] [INFO] [RESUME_UPLOAD] Resume validated and queued for processing
[2026-08-12 16:00:25] [INFO] [RESUME_UPLOAD] Resume validated and queued for processing
[2026-08-12 16:00:25] [INFO] [RESUME_UPLOAD] Resume validated and queued for processing
[2026-08-12 16:00:25] [INFO] [RESUME_UPLOAD] Resume validated and queued for processing
[2026-08-12 16:00:25] [INFO] [RESUME_UPLOAD] Resume validated and queued for processing
[2026-08-12 16:00:25] [INFO] [RESUME_UPLOAD] Resume validated and queued for processing
[2026-08-12 16:00:25] [INFO] [RESUME_UPLOAD] Resume validated and queued for processing
[2026-08-12 16:00:25] [INFO] [RESUME_UPLOAD] Resume validated and queued for processing
[2026-08-12 16:00:25] [INFO] [RESUME_UPLOAD] Resume validated and queued for processing
[2026-08-12 16:00:25] [INFO] [RESUME_UPLOAD] Resume validated and queued for processing
[2026-08-12 16:00:25] [INFO] [RESUME_UPLOAD] Resume validated and queued for processing
[2026-08-12 16:00:25] [INFO] [RESUME_UPLOAD] Resume validated and queued for processing
[2026-08-12 16:00:26] [INFO] [RESUME_UPLOAD] Resume validated and queued for processing
[2026-08-12 16:00:26] [INFO] [RESUME_UPLOAD] Resume validated and queued for processing
[2026-08-12 16:00:26] [INFO] [RESUME_UPLOAD] Resume validated and queued for processing
[2026-08-12 16:00:26] [INFO] [RESUME_UPLOAD] Resume validated and queued for processing
[2026-08-12 16:00:26] [INFO] [RESUME_UPLOAD] Resume validated and queued for processing
[2026-08-12 16:00:26] [INFO] [RESUME_UPLOAD] Resume validated and queued for processing
[2026-08-12 16:00:26] [ERROR] [RESUME_UPLOAD] Resume queue capacity reached
[2026-08-12 16:00:26] [INFO] [RESUME_UPLOAD] Bulk resume scan completed
[2026-08-12 16:00:26] [WARNING] [RESUME_UPLOAD] Resume rejected: file exceeds 5 MB limit
[2026-08-12 16:00:26] [INFO] [COVERAGE] info message
[2026-08-12 16:00:26] [WARNING] [COVERAGE] warning message
[2026-08-12 16:00:26] [ERROR] [COVERAGE] error message
[2026-08-12 16:00:26] [INFO] [GENERAL] 
[2026-08-12 16:00:26] [WARNING] [GENERAL] 
[2026-08-12 16:00:26] [ERROR] [GENERAL] 
[2026-08-12 16:00:26] [INFO] [SYSTEM] HR Resume Screening System logger closed
[2026-08-12 16:00:26] [INFO] [COVERAGE] lazy reopen
[2026-08-12 16:00:26] [INFO] [SYSTEM] HR Resume Screening System logger closed
[2026-08-12 16:00:26] [INFO] [REPORT] CSV report generated with explainable score components
[2026-08-12 16:00:26] [INFO] [REPORT] TXT report generated with score breakdown
[2026-08-12 16:00:26] [INFO] [REPORT] Full report generated with automatic shortlist threshold and status
[2026-08-12 16:00:26] [ERROR] [REPORT] CSV report file could not be opened
[2026-08-12 16:00:26] [ERROR] [REPORT] TXT report file could not be opened
[2026-08-12 16:00:26] [INFO] [REPORT] CSV report generated with explainable score components
[2026-08-12 16:00:26] [INFO] [REPORT] TXT report generated with score breakdown
[2026-08-12 16:00:26] [INFO] [REPORT] Full report generated with automatic shortlist threshold and status
[2026-08-12 16:00:26] [INFO] [RESUME_PROCESSING] Resume processing started
[2026-08-12 16:00:26] [INFO] [RESUME_PROCESSING] TXT resume read successfully
[2026-08-12 16:00:26] [ERROR] [RESUME_PROCESSING] ReadResume called with empty path
[2026-08-12 16:00:26] [ERROR] [RESUME_PROCESSING] ReadResume called with empty path
[2026-08-12 16:00:26] [WARNING] [RESUME_PROCESSING] Resume is empty or unavailable
[2026-08-12 16:00:26] [WARNING] [RESUME_PROCESSING] Resume is empty or unavailable
[2026-08-12 16:00:26] [INFO] [RESUME_PROCESSING] Resume processing started
[2026-08-12 16:00:26] [INFO] [PDF_PROCESSING] PDF text extraction started
[2026-08-12 16:00:26] [ERROR] [PDF_PROCESSING] PDF text extraction failed
[2026-08-12 16:00:26] [WARNING] [RESUME_PROCESSING] Resume exceeds 5 MB processing limit
[2026-08-12 16:00:26] [INFO] [THREAD_POOL] Worker 139915576080064 started resume: tests_tmp_cov/missing.txt
[2026-08-12 16:00:26] [WARNING] [RESUME_PROCESSING] Resume is empty or unavailable
[2026-08-12 16:00:26] [ERROR] [THREAD_POOL] Worker 139915576080064 failed to read resume: tests_tmp_cov/missing.txt
[2026-08-12 16:00:26] [INFO] [THREAD_POOL] Worker 139915576080064 started resume: tests_tmp_cov/resume.txt
[2026-08-12 16:00:26] [INFO] [RESUME_PROCESSING] Resume processing started
[2026-08-12 16:00:26] [INFO] [RESUME_PROCESSING] TXT resume read successfully
[2026-08-12 16:00:26] [INFO] [THREAD_POOL] Worker 139915576080064 completed preprocessing: tests_tmp_cov/resume.txt
[2026-08-12 16:00:26] [INFO] [THREAD_POOL] Parallel resume stage completed: 2 resume(s), 1 worker thread(s)
[2026-08-12 16:00:26] [WARNING] [SHORTLIST] Rejected invalid shortlist threshold; valid range is 0-100
[2026-08-12 16:00:26] [WARNING] [SHORTLIST] Rejected invalid shortlist threshold; valid range is 0-100
[2026-08-12 16:00:26] [INFO] [SHORTLIST] HR shortlist threshold set to 70%
[2026-08-12 16:00:26] [INFO] [SHORTLIST] HR shortlist threshold set to 70%
[2026-08-12 16:00:26] [INFO] [SHORTLIST] Automatic shortlisting completed: 1 of 2 candidate(s) scored >= 70%
[2026-08-12 16:00:26] [INFO] [SHORTLIST] Automatic shortlist file generated
[2026-08-12 16:00:26] [INFO] [SHORTLIST] Automatic shortlist file generated
[2026-08-12 16:00:26] [WARNING] [AUTH] Signup rejected: invalid email format
[2026-08-12 16:00:26] [WARNING] [AUTH] Signup rejected: invalid email format
[2026-08-12 16:00:26] [WARNING] [AUTH] Signup rejected: password policy violation
[2026-08-12 16:00:26] [WARNING] [AUTH] Signup rejected: invalid email format
[2026-08-12 16:00:26] [WARNING] [AUTH] Signup rejected: invalid email format
[2026-08-12 16:00:26] [WARNING] [AUTH] Signup rejected: invalid email format
[2026-08-12 16:00:26] [WARNING] [AUTH] Signup rejected: invalid email format
[2026-08-12 16:00:26] [WARNING] [AUTH] Signup rejected: invalid email format
[2026-08-12 16:00:26] [WARNING] [AUTH] Login rejected: invalid email format
[2026-08-12 16:00:26] [INFO] [AUTH] Signup successful; credential stored with unique salt and SHA-256 hash
[2026-08-12 16:00:26] [WARNING] [AUTH] Signup rejected: duplicate email
[2026-08-12 16:00:26] [WARNING] [AUTH] Login failed: invalid credentials
[2026-08-12 16:00:26] [INFO] [AUTH] Login successful
[2026-08-12 16:00:26] [INFO] [AUTH] User logout successful
[2026-08-12 16:00:26] [WARNING] [AUTH] Logout requested with no active session
[2026-08-12 16:00:26] [WARNING] [AUTH] Password change failed: old password incorrect or user not found
[2026-08-12 16:00:26] [INFO] [AUTH] Password changed successfully with a new salt
[2026-08-12 16:00:26] [INFO] [AUTH] Login successful
[2026-08-12 16:00:26] [INFO] [AUTH] User logout successful
[2026-08-12 16:00:26] [WARNING] [AUTH] Password change rejected: validation failed
[2026-08-12 16:00:26] [INFO] [AUTH] Signup successful; credential stored with unique salt and SHA-256 hash
[2026-08-12 16:00:26] [INFO] [AUTH] Signup successful; credential stored with unique salt and SHA-256 hash
[2026-08-12 16:00:26] [WARNING] [AUTH] Signup rejected: duplicate email
[2026-08-12 16:00:26] [INFO] [AUTH] Signup successful; credential stored with unique salt and SHA-256 hash
[2026-08-12 16:00:26] [INFO] [AUTH] Signup successful; credential stored with unique salt and SHA-256 hash
[2026-08-12 16:00:26] [INFO] [AUTH] Signup successful; credential stored with unique salt and SHA-256 hash
[2026-08-12 16:00:26] [INFO] [AUTH] Signup successful; credential stored with unique salt and SHA-256 hash
[2026-08-12 16:00:26] [WARNING] [AUTH] Signup rejected: duplicate email
[2026-08-12 16:00:26] [WARNING] [AUTH] Signup rejected: invalid email format
[2026-08-12 16:00:26] [WARNING] [AUTH] Signup rejected: invalid email format
[2026-08-12 16:00:26] [WARNING] [AUTH] Signup rejected: invalid email format
[2026-08-12 16:00:26] [WARNING] [AUTH] Signup rejected: invalid email format
[2026-08-12 16:00:26] [WARNING] [AUTH] Signup rejected: invalid email format
[2026-08-12 16:00:26] [WARNING] [AUTH] Signup rejected: invalid email format
[2026-08-12 16:00:26] [WARNING] [AUTH] Signup rejected: invalid email format
[2026-08-12 16:00:26] [WARNING] [AUTH] Signup rejected: password policy violation
[2026-08-12 16:00:26] [INFO] [AUTH] Signup successful; credential stored with unique salt and SHA-256 hash
[2026-08-12 16:00:26] [INFO] [AUTH] Login successful
[2026-08-12 16:00:26] [INFO] [AUTH] Signup successful; credential stored with unique salt and SHA-256 hash
[2026-08-12 16:00:26] [WARNING] [AUTH] Login failed: invalid credentials
[2026-08-12 16:00:26] [INFO] [AUTH] Signup successful; credential stored with unique salt and SHA-256 hash
[2026-08-12 16:00:26] [WARNING] [AUTH] Login failed: invalid credentials
[2026-08-12 16:00:26] [INFO] [AUTH] Signup successful; credential stored with unique salt and SHA-256 hash
[2026-08-12 16:00:27] [INFO] [AUTH] Login successful
[2026-08-12 16:00:27] [INFO] [AUTH] Signup successful; credential stored with unique salt and SHA-256 hash
[2026-08-12 16:00:27] [INFO] [AUTH] Login successful
[2026-08-12 16:00:27] [INFO] [AUTH] User logout successful
[2026-08-12 16:00:27] [INFO] [AUTH] Signup successful; credential stored with unique salt and SHA-256 hash
[2026-08-12 16:00:27] [INFO] [AUTH] Password changed successfully with a new salt
[2026-08-12 16:00:27] [INFO] [AUTH] Login successful
[2026-08-12 16:00:27] [WARNING] [AUTH] Login failed: invalid credentials
[2026-08-12 16:00:27] [INFO] [AUTH] Signup successful; credential stored with unique salt and SHA-256 hash
[2026-08-12 16:00:27] [WARNING] [AUTH] Password change failed: old password incorrect or user not found
[2026-08-12 16:00:27] [INFO] [AUTH] Login successful
[2026-08-12 16:00:27] [INFO] [SCORING] Score explanation: Skill=50/50, Experience=6/15, Education=10/10, Projects=14/20, Certifications=2/5, Final=82/100
[2026-08-12 16:00:27] [INFO] [SCORING] Score explanation: Skill=50/50, Experience=15/15, Education=10/10, Projects=20/20, Certifications=5/5, Final=100/100
[2026-08-12 16:00:27] [INFO] [SHORTLIST] HR shortlist threshold set to 70%
[2026-08-12 16:00:27] [INFO] [SHORTLIST] Automatic shortlisting completed: 2 of 3 candidate(s) scored >= 70%
[2026-08-12 16:00:27] [WARNING] [SHORTLIST] Rejected invalid shortlist threshold; valid range is 0-100
[2026-08-12 16:00:27] [WARNING] [SHORTLIST] Rejected invalid shortlist threshold; valid range is 0-100
[2026-08-12 16:00:27] [INFO] [SHORTLIST] HR shortlist threshold set to 0%
[2026-08-12 16:00:27] [INFO] [SHORTLIST] Automatic shortlisting completed: 3 of 3 candidate(s) scored >= 0%
[2026-08-12 16:00:27] [INFO] [THREAD_POOL] Worker 139915576080064 started resume: tests/fixtures/resume_strong.txt
[2026-08-12 16:00:27] [INFO] [THREAD_POOL] Worker 139915567687360 started resume: tests/fixtures/resume_weak.txt
[2026-08-12 16:00:27] [INFO] [THREAD_POOL] Worker 139915559294656 started resume: tests/fixtures/resume_strong.txt
[2026-08-12 16:00:27] [INFO] [RESUME_PROCESSING] Resume processing started
[2026-08-12 16:00:27] [INFO] [RESUME_PROCESSING] Resume processing started
[2026-08-12 16:00:27] [INFO] [RESUME_PROCESSING] Resume processing started
[2026-08-12 16:00:27] [INFO] [RESUME_PROCESSING] TXT resume read successfully
[2026-08-12 16:00:27] [INFO] [RESUME_PROCESSING] TXT resume read successfully
[2026-08-12 16:00:27] [INFO] [RESUME_PROCESSING] TXT resume read successfully
[2026-08-12 16:00:27] [INFO] [THREAD_POOL] Worker 139915576080064 completed preprocessing: tests/fixtures/resume_strong.txt
[2026-08-12 16:00:27] [INFO] [THREAD_POOL] Worker 139915567687360 completed preprocessing: tests/fixtures/resume_weak.txt
[2026-08-12 16:00:27] [INFO] [THREAD_POOL] Worker 139915559294656 completed preprocessing: tests/fixtures/resume_strong.txt
[2026-08-12 16:00:27] [INFO] [THREAD_POOL] Parallel resume stage completed: 3 resume(s), 3 worker thread(s)
[2026-08-12 16:00:27] [INFO] [THREAD_POOL] Worker 139915559294656 started resume: tests/fixtures/resume_strong.txt
[2026-08-12 16:00:27] [INFO] [THREAD_POOL] Worker 139915567687360 started resume: tests/fixtures/resume_weak.txt
[2026-08-12 16:00:27] [INFO] [RESUME_PROCESSING] Resume processing started
[2026-08-12 16:00:27] [INFO] [RESUME_PROCESSING] Resume processing started
[2026-08-12 16:00:27] [INFO] [RESUME_PROCESSING] TXT resume read successfully
[2026-08-12 16:00:27] [INFO] [THREAD_POOL] Worker 139915559294656 completed preprocessing: tests/fixtures/resume_strong.txt
[2026-08-12 16:00:27] [INFO] [RESUME_PROCESSING] TXT resume read successfully
[2026-08-12 16:00:27] [INFO] [THREAD_POOL] Worker 139915567687360 completed preprocessing: tests/fixtures/resume_weak.txt
[2026-08-12 16:00:27] [INFO] [THREAD_POOL] Parallel resume stage completed: 2 resume(s), 2 worker thread(s)
[2026-08-12 16:00:27] [INFO] [RESUME_PROCESSING] Resume processing started
[2026-08-12 16:00:27] [INFO] [RESUME_PROCESSING] TXT resume read successfully
[2026-08-12 16:00:27] [INFO] [SCORING] Score explanation: Skill=40/50, Experience=9/15, Education=10/10, Projects=20/20, Certifications=2/5, Final=81/100
[2026-08-12 16:00:27] [INFO] [RESUME_PROCESSING] Resume processing started
[2026-08-12 16:00:27] [INFO] [RESUME_PROCESSING] TXT resume read successfully
[2026-08-12 16:00:27] [INFO] [SCORING] Score explanation: Skill=50/50, Experience=12/15, Education=10/10, Projects=20/20, Certifications=2/5, Final=94/100
[2026-08-12 16:00:27] [INFO] [RESUME_PROCESSING] Resume processing started
[2026-08-12 16:00:27] [INFO] [RESUME_PROCESSING] TXT resume read successfully
[2026-08-12 16:00:27] [INFO] [SCORING] Score explanation: Skill=0/50, Experience=0/15, Education=10/10, Projects=7/20, Certifications=0/5, Final=17/100
[2026-08-12 16:00:27] [INFO] [SHORTLIST] HR shortlist threshold set to 70%
[2026-08-12 16:00:27] [INFO] [SHORTLIST] Automatic shortlisting completed: 1 of 2 candidate(s) scored >= 70%
[2026-08-12 16:00:27] [INFO] [RESUME_PROCESSING] Resume processing started
[2026-08-12 16:00:27] [INFO] [RESUME_PROCESSING] TXT resume read successfully
[2026-08-12 16:00:27] [INFO] [SCORING] Score explanation: Skill=50/50, Experience=12/15, Education=10/10, Projects=20/20, Certifications=2/5, Final=94/100
[2026-08-12 16:00:27] [INFO] [RESUME_PROCESSING] Resume processing started
[2026-08-12 16:00:27] [INFO] [RESUME_PROCESSING] TXT resume read successfully
[2026-08-12 16:00:27] [INFO] [SCORING] Score explanation: Skill=0/50, Experience=0/15, Education=10/10, Projects=7/20, Certifications=0/5, Final=17/100
[2026-08-12 16:00:27] [INFO] [SHORTLIST] HR shortlist threshold set to 70%
[2026-08-12 16:00:27] [INFO] [SHORTLIST] Automatic shortlisting completed: 1 of 2 candidate(s) scored >= 70%
[2026-08-12 16:00:27] [INFO] [SHORTLIST] Automatic shortlist file generated
[2026-08-12 16:00:27] [INFO] [REPORT] CSV report generated with explainable score components
[2026-08-12 16:00:27] [INFO] [REPORT] TXT report generated with score breakdown
[2026-08-12 16:00:27] [INFO] [RESUME_PROCESSING] Resume processing started
[2026-08-12 16:00:27] [INFO] [RESUME_PROCESSING] TXT resume read successfully
[2026-08-12 16:00:27] [INFO] [SCORING] Score explanation: Skill=50/50, Experience=12/15, Education=10/10, Projects=20/20, Certifications=2/5, Final=94/100
[2026-08-12 16:00:27] [INFO] [RESUME_PROCESSING] Resume processing started
[2026-08-12 16:00:27] [INFO] [RESUME_PROCESSING] TXT resume read successfully
[2026-08-12 16:00:27] [INFO] [SCORING] Score explanation: Skill=0/50, Experience=0/15, Education=10/10, Projects=7/20, Certifications=0/5, Final=17/100
[2026-08-12 16:00:27] [INFO] [SHORTLIST] HR shortlist threshold set to 70%
[2026-08-12 16:00:27] [INFO] [SHORTLIST] Automatic shortlisting completed: 1 of 2 candidate(s) scored >= 70%
[2026-08-12 16:00:27] [INFO] [AUTH] Signup successful; credential stored with unique salt and SHA-256 hash
[2026-08-12 16:00:27] [INFO] [AUTH] Login successful
[2026-08-12 16:00:27] [INFO] [AUTH] Password changed successfully with a new salt
[2026-08-12 16:00:27] [INFO] [AUTH] User logout successful
[2026-08-12 16:00:27] [WARNING] [AUTH] Login failed: invalid credentials
[2026-08-12 16:00:27] [INFO] [AUTH] Login successful
[2026-08-12 16:00:27] [INFO] [AUTH] User logout successful
[2026-08-12 16:00:27] [INFO] [AUTH] Signup successful; credential stored with unique salt and SHA-256 hash
[2026-08-12 16:00:27] [INFO] [AUTH] Login successful
[2026-08-12 16:00:27] [INFO] [AUTH] Password changed successfully with a new salt
[2026-08-12 16:00:27] [INFO] [AUTH] User logout successful
[2026-08-12 16:00:27] [INFO] [AUTH] Login successful
[2026-08-12 16:00:27] [INFO] [THREAD_POOL] Worker 139915567687360 started resume: tests/fixtures/resume_strong.txt
[2026-08-12 16:00:27] [INFO] [THREAD_POOL] Worker 139915559294656 started resume: tests/fixtures/resume_weak.txt
[2026-08-12 16:00:27] [INFO] [THREAD_POOL] Worker 139915576080064 started resume: tests/fixtures/resume_strong.txt
[2026-08-12 16:00:27] [INFO] [THREAD_POOL] Worker 139915550901952 started resume: tests/fixtures/resume_weak.txt
[2026-08-12 16:00:27] [INFO] [RESUME_PROCESSING] Resume processing started
[2026-08-12 16:00:27] [INFO] [RESUME_PROCESSING] Resume processing started
[2026-08-12 16:00:27] [INFO] [RESUME_PROCESSING] Resume processing started
[2026-08-12 16:00:27] [INFO] [RESUME_PROCESSING] Resume processing started
[2026-08-12 16:00:27] [INFO] [RESUME_PROCESSING] TXT resume read successfully
[2026-08-12 16:00:27] [INFO] [RESUME_PROCESSING] TXT resume read successfully
[2026-08-12 16:00:27] [INFO] [RESUME_PROCESSING] TXT resume read successfully
[2026-08-12 16:00:27] [INFO] [THREAD_POOL] Worker 139915559294656 completed preprocessing: tests/fixtures/resume_weak.txt
[2026-08-12 16:00:27] [INFO] [THREAD_POOL] Worker 139915550901952 completed preprocessing: tests/fixtures/resume_weak.txt
[2026-08-12 16:00:27] [INFO] [THREAD_POOL] Worker 139915567687360 completed preprocessing: tests/fixtures/resume_strong.txt
[2026-08-12 16:00:27] [INFO] [RESUME_PROCESSING] TXT resume read successfully
[2026-08-12 16:00:27] [INFO] [THREAD_POOL] Worker 139915576080064 completed preprocessing: tests/fixtures/resume_strong.txt
[2026-08-12 16:00:27] [INFO] [THREAD_POOL] Parallel resume stage completed: 4 resume(s), 4 worker thread(s)
[2026-08-12 16:03:13] [INFO] [RESUME_UPLOAD] Resume validated and queued for processing
[2026-08-12 16:03:13] [ERROR] [RESUME_UPLOAD] Resume file not found
[2026-08-12 16:03:13] [WARNING] [RESUME_UPLOAD] Resume rejected: empty file
[2026-08-12 16:03:13] [WARNING] [RESUME_UPLOAD] Resume rejected: unsupported file type
[2026-08-12 16:03:13] [WARNING] [RESUME_UPLOAD] Resume rejected: invalid PDF header
[2026-08-12 16:03:13] [INFO] [RESUME_UPLOAD] Resume validated and queued for processing
[2026-08-12 16:03:13] [WARNING] [RESUME_UPLOAD] Resume rejected: invalid text content
[2026-08-12 16:03:13] [INFO] [RESUME_UPLOAD] Resume validated and queued for processing
[2026-08-12 16:03:13] [INFO] [RESUME_UPLOAD] Resume validated and queued for processing
[2026-08-12 16:03:13] [INFO] [RESUME_UPLOAD] Resume validated and queued for processing
[2026-08-12 16:03:13] [INFO] [RESUME_UPLOAD] Resume validated and queued for processing
[2026-08-12 16:03:13] [INFO] [RESUME_UPLOAD] Resume validated and queued for processing
[2026-08-12 16:03:13] [INFO] [RESUME_UPLOAD] Resume validated and queued for processing
[2026-08-12 16:03:13] [INFO] [RESUME_UPLOAD] Resume validated and queued for processing
[2026-08-12 16:03:13] [INFO] [RESUME_UPLOAD] Resume validated and queued for processing
[2026-08-12 16:03:13] [INFO] [RESUME_UPLOAD] Resume validated and queued for processing
[2026-08-12 16:03:13] [INFO] [RESUME_UPLOAD] Resume validated and queued for processing
[2026-08-12 16:03:13] [INFO] [RESUME_UPLOAD] Resume validated and queued for processing
[2026-08-12 16:03:13] [INFO] [RESUME_UPLOAD] Resume validated and queued for processing
[2026-08-12 16:03:14] [INFO] [RESUME_UPLOAD] Resume validated and queued for processing
[2026-08-12 16:03:14] [INFO] [RESUME_UPLOAD] Resume validated and queued for processing
[2026-08-12 16:03:14] [INFO] [RESUME_UPLOAD] Resume validated and queued for processing
[2026-08-12 16:03:14] [INFO] [RESUME_UPLOAD] Resume validated and queued for processing
[2026-08-12 16:03:14] [INFO] [RESUME_UPLOAD] Resume validated and queued for processing
[2026-08-12 16:03:14] [INFO] [RESUME_UPLOAD] Resume validated and queued for processing
[2026-08-12 16:03:14] [INFO] [RESUME_UPLOAD] Resume validated and queued for processing
[2026-08-12 16:03:14] [INFO] [RESUME_UPLOAD] Resume validated and queued for processing
[2026-08-12 16:03:14] [INFO] [RESUME_UPLOAD] Resume validated and queued for processing
[2026-08-12 16:03:14] [INFO] [RESUME_UPLOAD] Resume validated and queued for processing
[2026-08-12 16:03:14] [INFO] [RESUME_UPLOAD] Resume validated and queued for processing
[2026-08-12 16:03:14] [INFO] [RESUME_UPLOAD] Resume validated and queued for processing
[2026-08-12 16:03:14] [INFO] [RESUME_UPLOAD] Resume validated and queued for processing
[2026-08-12 16:03:14] [INFO] [RESUME_UPLOAD] Resume validated and queued for processing
[2026-08-12 16:03:14] [INFO] [RESUME_UPLOAD] Resume validated and queued for processing
[2026-08-12 16:03:14] [INFO] [RESUME_UPLOAD] Resume validated and queued for processing
[2026-08-12 16:03:14] [INFO] [RESUME_UPLOAD] Resume validated and queued for processing
[2026-08-12 16:03:14] [INFO] [RESUME_UPLOAD] Resume validated and queued for processing
[2026-08-12 16:03:14] [INFO] [RESUME_UPLOAD] Resume validated and queued for processing
[2026-08-12 16:03:14] [INFO] [RESUME_UPLOAD] Resume validated and queued for processing
[2026-08-12 16:03:14] [INFO] [RESUME_UPLOAD] Resume validated and queued for processing
[2026-08-12 16:03:14] [INFO] [RESUME_UPLOAD] Resume validated and queued for processing
[2026-08-12 16:03:14] [INFO] [RESUME_UPLOAD] Resume validated and queued for processing
[2026-08-12 16:03:14] [INFO] [RESUME_UPLOAD] Resume validated and queued for processing
[2026-08-12 16:03:14] [INFO] [RESUME_UPLOAD] Resume validated and queued for processing
[2026-08-12 16:03:14] [INFO] [RESUME_UPLOAD] Resume validated and queued for processing
[2026-08-12 16:03:14] [INFO] [RESUME_UPLOAD] Resume validated and queued for processing
[2026-08-12 16:03:14] [INFO] [RESUME_UPLOAD] Resume validated and queued for processing
[2026-08-12 16:03:14] [INFO] [RESUME_UPLOAD] Resume validated and queued for processing
[2026-08-12 16:03:14] [INFO] [RESUME_UPLOAD] Resume validated and queued for processing
[2026-08-12 16:03:14] [INFO] [RESUME_UPLOAD] Resume validated and queued for processing
[2026-08-12 16:03:14] [INFO] [RESUME_UPLOAD] Resume validated and queued for processing
[2026-08-12 16:03:14] [INFO] [RESUME_UPLOAD] Resume validated and queued for processing
[2026-08-12 16:03:14] [INFO] [RESUME_UPLOAD] Resume validated and queued for processing
[2026-08-12 16:03:14] [INFO] [RESUME_UPLOAD] Resume validated and queued for processing
[2026-08-12 16:03:14] [INFO] [RESUME_UPLOAD] Resume validated and queued for processing
[2026-08-12 16:03:14] [INFO] [RESUME_UPLOAD] Resume validated and queued for processing
[2026-08-12 16:03:14] [INFO] [RESUME_UPLOAD] Resume validated and queued for processing
[2026-08-12 16:03:14] [ERROR] [RESUME_UPLOAD] Resume queue capacity reached
[2026-08-12 16:03:14] [INFO] [RESUME_UPLOAD] Bulk resume scan completed
[2026-08-12 16:03:14] [WARNING] [RESUME_UPLOAD] Resume rejected: file exceeds 5 MB limit
[2026-08-12 16:03:14] [INFO] [COVERAGE] info message
[2026-08-12 16:03:14] [WARNING] [COVERAGE] warning message
[2026-08-12 16:03:14] [ERROR] [COVERAGE] error message
[2026-08-12 16:03:14] [INFO] [GENERAL] 
[2026-08-12 16:03:14] [WARNING] [GENERAL] 
[2026-08-12 16:03:14] [ERROR] [GENERAL] 
[2026-08-12 16:03:14] [INFO] [SYSTEM] HR Resume Screening System logger closed
[2026-08-12 16:03:14] [INFO] [COVERAGE] lazy reopen
[2026-08-12 16:03:14] [INFO] [SYSTEM] HR Resume Screening System logger closed
[2026-08-12 16:03:14] [INFO] [REPORT] CSV report generated with explainable score components
[2026-08-12 16:03:14] [INFO] [REPORT] TXT report generated with score breakdown
[2026-08-12 16:03:14] [INFO] [REPORT] Full report generated with automatic shortlist threshold and status
[2026-08-12 16:03:14] [ERROR] [REPORT] CSV report file could not be opened
[2026-08-12 16:03:14] [ERROR] [REPORT] TXT report file could not be opened
[2026-08-12 16:03:14] [INFO] [REPORT] CSV report generated with explainable score components
[2026-08-12 16:03:14] [INFO] [REPORT] TXT report generated with score breakdown
[2026-08-12 16:03:14] [INFO] [REPORT] Full report generated with automatic shortlist threshold and status
[2026-08-12 16:03:14] [INFO] [RESUME_PROCESSING] Resume processing started
[2026-08-12 16:03:14] [INFO] [RESUME_PROCESSING] TXT resume read successfully
[2026-08-12 16:03:14] [ERROR] [RESUME_PROCESSING] ReadResume called with empty path
[2026-08-12 16:03:14] [ERROR] [RESUME_PROCESSING] ReadResume called with empty path
[2026-08-12 16:03:14] [WARNING] [RESUME_PROCESSING] Resume is empty or unavailable
[2026-08-12 16:03:14] [WARNING] [RESUME_PROCESSING] Resume is empty or unavailable
[2026-08-12 16:03:14] [INFO] [RESUME_PROCESSING] Resume processing started
[2026-08-12 16:03:14] [INFO] [PDF_PROCESSING] PDF text extraction started
[2026-08-12 16:03:14] [ERROR] [PDF_PROCESSING] PDF text extraction failed
[2026-08-12 16:03:14] [WARNING] [RESUME_PROCESSING] Resume exceeds 5 MB processing limit
[2026-08-12 16:03:14] [INFO] [THREAD_POOL] Worker 140512120760000 started resume: tests_tmp_cov/missing.txt
[2026-08-12 16:03:14] [WARNING] [RESUME_PROCESSING] Resume is empty or unavailable
[2026-08-12 16:03:14] [ERROR] [THREAD_POOL] Worker 140512120760000 failed to read resume: tests_tmp_cov/missing.txt
[2026-08-12 16:03:14] [INFO] [THREAD_POOL] Worker 140512120760000 started resume: tests_tmp_cov/resume.txt
[2026-08-12 16:03:14] [INFO] [RESUME_PROCESSING] Resume processing started
[2026-08-12 16:03:14] [INFO] [RESUME_PROCESSING] TXT resume read successfully
[2026-08-12 16:03:14] [INFO] [THREAD_POOL] Worker 140512120760000 completed preprocessing: tests_tmp_cov/resume.txt
[2026-08-12 16:03:14] [INFO] [THREAD_POOL] Parallel resume stage completed: 2 resume(s), 1 worker thread(s)
[2026-08-12 16:03:14] [WARNING] [SHORTLIST] Rejected invalid shortlist threshold; valid range is 0-100
[2026-08-12 16:03:14] [WARNING] [SHORTLIST] Rejected invalid shortlist threshold; valid range is 0-100
[2026-08-12 16:03:14] [INFO] [SHORTLIST] HR shortlist threshold set to 70%
[2026-08-12 16:03:14] [INFO] [SHORTLIST] HR shortlist threshold set to 70%
[2026-08-12 16:03:14] [INFO] [SHORTLIST] Automatic shortlisting completed: 1 of 2 candidate(s) scored >= 70%
[2026-08-12 16:03:14] [INFO] [SHORTLIST] Automatic shortlist file generated
[2026-08-12 16:03:14] [INFO] [SHORTLIST] Automatic shortlist file generated
[2026-08-12 16:03:14] [WARNING] [AUTH] Signup rejected: invalid email format
[2026-08-12 16:03:14] [WARNING] [AUTH] Signup rejected: invalid email format
[2026-08-12 16:03:14] [WARNING] [AUTH] Signup rejected: password policy violation
[2026-08-12 16:03:14] [WARNING] [AUTH] Signup rejected: invalid email format
[2026-08-12 16:03:14] [WARNING] [AUTH] Signup rejected: invalid email format
[2026-08-12 16:03:14] [WARNING] [AUTH] Signup rejected: invalid email format
[2026-08-12 16:03:14] [WARNING] [AUTH] Signup rejected: invalid email format
[2026-08-12 16:03:14] [WARNING] [AUTH] Signup rejected: invalid email format
[2026-08-12 16:03:14] [WARNING] [AUTH] Login rejected: invalid email format
[2026-08-12 16:03:14] [INFO] [AUTH] Signup successful; credential stored with unique salt and SHA-256 hash
[2026-08-12 16:03:14] [WARNING] [AUTH] Signup rejected: duplicate email
[2026-08-12 16:03:15] [WARNING] [AUTH] Login failed: invalid credentials
[2026-08-12 16:03:15] [INFO] [AUTH] Login successful
[2026-08-12 16:03:15] [INFO] [AUTH] User logout successful
[2026-08-12 16:03:15] [WARNING] [AUTH] Logout requested with no active session
[2026-08-12 16:03:15] [WARNING] [AUTH] Password change failed: old password incorrect or user not found
[2026-08-12 16:03:15] [INFO] [AUTH] Password changed successfully with a new salt
[2026-08-12 16:03:15] [INFO] [AUTH] Login successful
[2026-08-12 16:03:15] [INFO] [AUTH] User logout successful
[2026-08-12 16:03:15] [WARNING] [AUTH] Password change rejected: validation failed
[2026-08-12 16:03:15] [INFO] [AUTH] Signup successful; credential stored with unique salt and SHA-256 hash
[2026-08-12 16:03:15] [INFO] [AUTH] Signup successful; credential stored with unique salt and SHA-256 hash
[2026-08-12 16:03:15] [WARNING] [AUTH] Signup rejected: duplicate email
[2026-08-12 16:03:15] [INFO] [AUTH] Signup successful; credential stored with unique salt and SHA-256 hash
[2026-08-12 16:03:15] [INFO] [AUTH] Signup successful; credential stored with unique salt and SHA-256 hash
[2026-08-12 16:03:15] [INFO] [AUTH] Signup successful; credential stored with unique salt and SHA-256 hash
[2026-08-12 16:03:15] [INFO] [AUTH] Signup successful; credential stored with unique salt and SHA-256 hash
[2026-08-12 16:03:15] [WARNING] [AUTH] Signup rejected: duplicate email
[2026-08-12 16:03:15] [WARNING] [AUTH] Signup rejected: invalid email format
[2026-08-12 16:03:15] [WARNING] [AUTH] Signup rejected: invalid email format
[2026-08-12 16:03:15] [WARNING] [AUTH] Signup rejected: invalid email format
[2026-08-12 16:03:15] [WARNING] [AUTH] Signup rejected: invalid email format
[2026-08-12 16:03:15] [WARNING] [AUTH] Signup rejected: invalid email format
[2026-08-12 16:03:15] [WARNING] [AUTH] Signup rejected: invalid email format
[2026-08-12 16:03:15] [WARNING] [AUTH] Signup rejected: invalid email format
[2026-08-12 16:03:15] [WARNING] [AUTH] Signup rejected: password policy violation
[2026-08-12 16:03:15] [INFO] [AUTH] Signup successful; credential stored with unique salt and SHA-256 hash
[2026-08-12 16:03:15] [INFO] [AUTH] Login successful
[2026-08-12 16:03:15] [INFO] [AUTH] Signup successful; credential stored with unique salt and SHA-256 hash
[2026-08-12 16:03:15] [WARNING] [AUTH] Login failed: invalid credentials
[2026-08-12 16:03:15] [INFO] [AUTH] Signup successful; credential stored with unique salt and SHA-256 hash
[2026-08-12 16:03:15] [WARNING] [AUTH] Login failed: invalid credentials
[2026-08-12 16:03:15] [INFO] [AUTH] Signup successful; credential stored with unique salt and SHA-256 hash
[2026-08-12 16:03:15] [INFO] [AUTH] Login successful
[2026-08-12 16:03:15] [INFO] [AUTH] Signup successful; credential stored with unique salt and SHA-256 hash
[2026-08-12 16:03:15] [INFO] [AUTH] Login successful
[2026-08-12 16:03:15] [INFO] [AUTH] User logout successful
[2026-08-12 16:03:15] [INFO] [AUTH] Signup successful; credential stored with unique salt and SHA-256 hash
[2026-08-12 16:03:15] [INFO] [AUTH] Password changed successfully with a new salt
[2026-08-12 16:03:15] [INFO] [AUTH] Login successful
[2026-08-12 16:03:15] [WARNING] [AUTH] Login failed: invalid credentials
[2026-08-12 16:03:15] [INFO] [AUTH] Signup successful; credential stored with unique salt and SHA-256 hash
[2026-08-12 16:03:15] [WARNING] [AUTH] Password change failed: old password incorrect or user not found
[2026-08-12 16:03:15] [INFO] [AUTH] Login successful
[2026-08-12 16:03:15] [INFO] [SCORING] Score explanation: Skill=50/50, Experience=6/15, Education=10/10, Projects=14/20, Certifications=2/5, Final=82/100
[2026-08-12 16:03:15] [INFO] [SCORING] Score explanation: Skill=50/50, Experience=15/15, Education=10/10, Projects=20/20, Certifications=5/5, Final=100/100
[2026-08-12 16:03:15] [INFO] [SHORTLIST] HR shortlist threshold set to 70%
[2026-08-12 16:03:15] [INFO] [SHORTLIST] Automatic shortlisting completed: 2 of 3 candidate(s) scored >= 70%
[2026-08-12 16:03:15] [WARNING] [SHORTLIST] Rejected invalid shortlist threshold; valid range is 0-100
[2026-08-12 16:03:15] [WARNING] [SHORTLIST] Rejected invalid shortlist threshold; valid range is 0-100
[2026-08-12 16:03:15] [INFO] [SHORTLIST] HR shortlist threshold set to 0%
[2026-08-12 16:03:15] [INFO] [SHORTLIST] Automatic shortlisting completed: 3 of 3 candidate(s) scored >= 0%
[2026-08-12 16:03:15] [INFO] [THREAD_POOL] Worker 140512120760000 started resume: tests/fixtures/resume_strong.txt
[2026-08-12 16:03:15] [INFO] [THREAD_POOL] Worker 140512112367296 started resume: tests/fixtures/resume_weak.txt
[2026-08-12 16:03:15] [INFO] [THREAD_POOL] Worker 140512103974592 started resume: tests/fixtures/resume_strong.txt
[2026-08-12 16:03:15] [INFO] [RESUME_PROCESSING] Resume processing started
[2026-08-12 16:03:15] [INFO] [RESUME_PROCESSING] Resume processing started
[2026-08-12 16:03:15] [INFO] [RESUME_PROCESSING] Resume processing started
[2026-08-12 16:03:15] [INFO] [RESUME_PROCESSING] TXT resume read successfully
[2026-08-12 16:03:15] [INFO] [RESUME_PROCESSING] TXT resume read successfully
[2026-08-12 16:03:15] [INFO] [RESUME_PROCESSING] TXT resume read successfully
[2026-08-12 16:03:15] [INFO] [THREAD_POOL] Worker 140512120760000 completed preprocessing: tests/fixtures/resume_strong.txt
[2026-08-12 16:03:15] [INFO] [THREAD_POOL] Worker 140512112367296 completed preprocessing: tests/fixtures/resume_weak.txt
[2026-08-12 16:03:15] [INFO] [THREAD_POOL] Worker 140512103974592 completed preprocessing: tests/fixtures/resume_strong.txt
[2026-08-12 16:03:15] [INFO] [THREAD_POOL] Parallel resume stage completed: 3 resume(s), 3 worker thread(s)
[2026-08-12 16:03:15] [INFO] [THREAD_POOL] Worker 140512103974592 started resume: tests/fixtures/resume_strong.txt
[2026-08-12 16:03:15] [INFO] [THREAD_POOL] Worker 140512112367296 started resume: tests/fixtures/resume_weak.txt
[2026-08-12 16:03:15] [INFO] [RESUME_PROCESSING] Resume processing started
[2026-08-12 16:03:15] [INFO] [RESUME_PROCESSING] Resume processing started
[2026-08-12 16:03:15] [INFO] [RESUME_PROCESSING] TXT resume read successfully
[2026-08-12 16:03:15] [INFO] [THREAD_POOL] Worker 140512103974592 completed preprocessing: tests/fixtures/resume_strong.txt
[2026-08-12 16:03:15] [INFO] [RESUME_PROCESSING] TXT resume read successfully
[2026-08-12 16:03:15] [INFO] [THREAD_POOL] Worker 140512112367296 completed preprocessing: tests/fixtures/resume_weak.txt
[2026-08-12 16:03:15] [INFO] [THREAD_POOL] Parallel resume stage completed: 2 resume(s), 2 worker thread(s)
[2026-08-12 16:03:15] [INFO] [RESUME_PROCESSING] Resume processing started
[2026-08-12 16:03:15] [INFO] [RESUME_PROCESSING] TXT resume read successfully
[2026-08-12 16:03:15] [INFO] [SCORING] Score explanation: Skill=40/50, Experience=9/15, Education=10/10, Projects=20/20, Certifications=2/5, Final=81/100
[2026-08-12 16:03:15] [INFO] [RESUME_PROCESSING] Resume processing started
[2026-08-12 16:03:15] [INFO] [RESUME_PROCESSING] TXT resume read successfully
[2026-08-12 16:03:15] [INFO] [SCORING] Score explanation: Skill=50/50, Experience=12/15, Education=10/10, Projects=20/20, Certifications=2/5, Final=94/100
[2026-08-12 16:03:15] [INFO] [RESUME_PROCESSING] Resume processing started
[2026-08-12 16:03:15] [INFO] [RESUME_PROCESSING] TXT resume read successfully
[2026-08-12 16:03:15] [INFO] [SCORING] Score explanation: Skill=0/50, Experience=0/15, Education=10/10, Projects=7/20, Certifications=0/5, Final=17/100
[2026-08-12 16:03:15] [INFO] [SHORTLIST] HR shortlist threshold set to 70%
[2026-08-12 16:03:15] [INFO] [SHORTLIST] Automatic shortlisting completed: 1 of 2 candidate(s) scored >= 70%
[2026-08-12 16:03:15] [INFO] [RESUME_PROCESSING] Resume processing started
[2026-08-12 16:03:15] [INFO] [RESUME_PROCESSING] TXT resume read successfully
[2026-08-12 16:03:15] [INFO] [SCORING] Score explanation: Skill=50/50, Experience=12/15, Education=10/10, Projects=20/20, Certifications=2/5, Final=94/100
[2026-08-12 16:03:15] [INFO] [RESUME_PROCESSING] Resume processing started
[2026-08-12 16:03:15] [INFO] [RESUME_PROCESSING] TXT resume read successfully
[2026-08-12 16:03:15] [INFO] [SCORING] Score explanation: Skill=0/50, Experience=0/15, Education=10/10, Projects=7/20, Certifications=0/5, Final=17/100
[2026-08-12 16:03:15] [INFO] [SHORTLIST] HR shortlist threshold set to 70%
[2026-08-12 16:03:15] [INFO] [SHORTLIST] Automatic shortlisting completed: 1 of 2 candidate(s) scored >= 70%
[2026-08-12 16:03:15] [INFO] [SHORTLIST] Automatic shortlist file generated
[2026-08-12 16:03:15] [INFO] [REPORT] CSV report generated with explainable score components
[2026-08-12 16:03:15] [INFO] [REPORT] TXT report generated with score breakdown
[2026-08-12 16:03:15] [INFO] [RESUME_PROCESSING] Resume processing started
[2026-08-12 16:03:15] [INFO] [RESUME_PROCESSING] TXT resume read successfully
[2026-08-12 16:03:15] [INFO] [SCORING] Score explanation: Skill=50/50, Experience=12/15, Education=10/10, Projects=20/20, Certifications=2/5, Final=94/100
[2026-08-12 16:03:15] [INFO] [RESUME_PROCESSING] Resume processing started
[2026-08-12 16:03:15] [INFO] [RESUME_PROCESSING] TXT resume read successfully
[2026-08-12 16:03:15] [INFO] [SCORING] Score explanation: Skill=0/50, Experience=0/15, Education=10/10, Projects=7/20, Certifications=0/5, Final=17/100
[2026-08-12 16:03:15] [INFO] [SHORTLIST] HR shortlist threshold set to 70%
[2026-08-12 16:03:15] [INFO] [SHORTLIST] Automatic shortlisting completed: 1 of 2 candidate(s) scored >= 70%
[2026-08-12 16:03:15] [INFO] [AUTH] Signup successful; credential stored with unique salt and SHA-256 hash
[2026-08-12 16:03:15] [INFO] [AUTH] Login successful
[2026-08-12 16:03:15] [INFO] [AUTH] Password changed successfully with a new salt
[2026-08-12 16:03:15] [INFO] [AUTH] User logout successful
[2026-08-12 16:03:15] [WARNING] [AUTH] Login failed: invalid credentials
[2026-08-12 16:03:15] [INFO] [AUTH] Login successful
[2026-08-12 16:03:15] [INFO] [AUTH] User logout successful
[2026-08-12 16:03:15] [INFO] [AUTH] Signup successful; credential stored with unique salt and SHA-256 hash
[2026-08-12 16:03:15] [INFO] [AUTH] Login successful
[2026-08-12 16:03:15] [INFO] [AUTH] Password changed successfully with a new salt
[2026-08-12 16:03:15] [INFO] [AUTH] User logout successful
[2026-08-12 16:03:15] [INFO] [AUTH] Login successful
[2026-08-12 16:03:15] [INFO] [THREAD_POOL] Worker 140512112367296 started resume: tests/fixtures/resume_strong.txt
[2026-08-12 16:03:15] [INFO] [THREAD_POOL] Worker 140512103974592 started resume: tests/fixtures/resume_weak.txt
[2026-08-12 16:03:15] [INFO] [THREAD_POOL] Worker 140512120760000 started resume: tests/fixtures/resume_strong.txt
[2026-08-12 16:03:15] [INFO] [THREAD_POOL] Worker 140512095581888 started resume: tests/fixtures/resume_weak.txt
[2026-08-12 16:03:15] [INFO] [RESUME_PROCESSING] Resume processing started
[2026-08-12 16:03:15] [INFO] [RESUME_PROCESSING] Resume processing started
[2026-08-12 16:03:15] [INFO] [RESUME_PROCESSING] Resume processing started
[2026-08-12 16:03:15] [INFO] [RESUME_PROCESSING] Resume processing started
[2026-08-12 16:03:15] [INFO] [RESUME_PROCESSING] TXT resume read successfully
[2026-08-12 16:03:15] [INFO] [RESUME_PROCESSING] TXT resume read successfully
[2026-08-12 16:03:15] [INFO] [RESUME_PROCESSING] TXT resume read successfully
[2026-08-12 16:03:15] [INFO] [THREAD_POOL] Worker 140512112367296 completed preprocessing: tests/fixtures/resume_strong.txt
[2026-08-12 16:03:15] [INFO] [THREAD_POOL] Worker 140512103974592 completed preprocessing: tests/fixtures/resume_weak.txt
[2026-08-12 16:03:15] [INFO] [RESUME_PROCESSING] TXT resume read successfully
[2026-08-12 16:03:15] [INFO] [THREAD_POOL] Worker 140512120760000 completed preprocessing: tests/fixtures/resume_strong.txt
[2026-08-12 16:03:15] [INFO] [THREAD_POOL] Worker 140512095581888 completed preprocessing: tests/fixtures/resume_weak.txt
[2026-08-12 16:03:15] [INFO] [THREAD_POOL] Parallel resume stage completed: 4 resume(s), 4 worker thread(s)
[2026-08-12 16:05:55] [INFO] [RESUME_UPLOAD] Resume validated and queued for processing
[2026-08-12 16:05:55] [ERROR] [RESUME_UPLOAD] Resume file not found
[2026-08-12 16:05:55] [WARNING] [RESUME_UPLOAD] Resume rejected: empty file
[2026-08-12 16:05:55] [WARNING] [RESUME_UPLOAD] Resume rejected: unsupported file type
[2026-08-12 16:05:55] [WARNING] [RESUME_UPLOAD] Resume rejected: invalid PDF header
[2026-08-12 16:05:55] [INFO] [RESUME_UPLOAD] Resume validated and queued for processing
[2026-08-12 16:05:55] [WARNING] [RESUME_UPLOAD] Resume rejected: invalid text content
[2026-08-12 16:05:55] [INFO] [RESUME_UPLOAD] Resume validated and queued for processing
[2026-08-12 16:05:55] [INFO] [RESUME_UPLOAD] Resume validated and queued for processing
[2026-08-12 16:05:55] [INFO] [RESUME_UPLOAD] Resume validated and queued for processing
[2026-08-12 16:05:55] [INFO] [RESUME_UPLOAD] Resume validated and queued for processing
[2026-08-12 16:05:55] [INFO] [RESUME_UPLOAD] Resume validated and queued for processing
[2026-08-12 16:05:55] [INFO] [RESUME_UPLOAD] Resume validated and queued for processing
[2026-08-12 16:05:55] [INFO] [RESUME_UPLOAD] Resume validated and queued for processing
[2026-08-12 16:05:55] [INFO] [RESUME_UPLOAD] Resume validated and queued for processing
[2026-08-12 16:05:55] [INFO] [RESUME_UPLOAD] Resume validated and queued for processing
[2026-08-12 16:05:55] [INFO] [RESUME_UPLOAD] Resume validated and queued for processing
[2026-08-12 16:05:56] [INFO] [RESUME_UPLOAD] Resume validated and queued for processing
[2026-08-12 16:05:56] [INFO] [RESUME_UPLOAD] Resume validated and queued for processing
[2026-08-12 16:05:56] [INFO] [RESUME_UPLOAD] Resume validated and queued for processing
[2026-08-12 16:05:56] [INFO] [RESUME_UPLOAD] Resume validated and queued for processing
[2026-08-12 16:05:56] [INFO] [RESUME_UPLOAD] Resume validated and queued for processing
[2026-08-12 16:05:56] [INFO] [RESUME_UPLOAD] Resume validated and queued for processing
[2026-08-12 16:05:56] [INFO] [RESUME_UPLOAD] Resume validated and queued for processing
[2026-08-12 16:05:56] [INFO] [RESUME_UPLOAD] Resume validated and queued for processing
[2026-08-12 16:05:56] [INFO] [RESUME_UPLOAD] Resume validated and queued for processing
[2026-08-12 16:05:56] [INFO] [RESUME_UPLOAD] Resume validated and queued for processing
[2026-08-12 16:05:56] [INFO] [RESUME_UPLOAD] Resume validated and queued for processing
[2026-08-12 16:05:56] [INFO] [RESUME_UPLOAD] Resume validated and queued for processing
[2026-08-12 16:05:56] [INFO] [RESUME_UPLOAD] Resume validated and queued for processing
[2026-08-12 16:05:56] [INFO] [RESUME_UPLOAD] Resume validated and queued for processing
[2026-08-12 16:05:56] [INFO] [RESUME_UPLOAD] Resume validated and queued for processing
[2026-08-12 16:05:56] [INFO] [RESUME_UPLOAD] Resume validated and queued for processing
[2026-08-12 16:05:56] [INFO] [RESUME_UPLOAD] Resume validated and queued for processing
[2026-08-12 16:05:56] [INFO] [RESUME_UPLOAD] Resume validated and queued for processing
[2026-08-12 16:05:56] [INFO] [RESUME_UPLOAD] Resume validated and queued for processing
[2026-08-12 16:05:56] [INFO] [RESUME_UPLOAD] Resume validated and queued for processing
[2026-08-12 16:05:56] [INFO] [RESUME_UPLOAD] Resume validated and queued for processing
[2026-08-12 16:05:56] [INFO] [RESUME_UPLOAD] Resume validated and queued for processing
[2026-08-12 16:05:56] [INFO] [RESUME_UPLOAD] Resume validated and queued for processing
[2026-08-12 16:05:56] [INFO] [RESUME_UPLOAD] Resume validated and queued for processing
[2026-08-12 16:05:56] [INFO] [RESUME_UPLOAD] Resume validated and queued for processing
[2026-08-12 16:05:56] [INFO] [RESUME_UPLOAD] Resume validated and queued for processing
[2026-08-12 16:05:56] [INFO] [RESUME_UPLOAD] Resume validated and queued for processing
[2026-08-12 16:05:56] [INFO] [RESUME_UPLOAD] Resume validated and queued for processing
[2026-08-12 16:05:56] [INFO] [RESUME_UPLOAD] Resume validated and queued for processing
[2026-08-12 16:05:56] [INFO] [RESUME_UPLOAD] Resume validated and queued for processing
[2026-08-12 16:05:56] [INFO] [RESUME_UPLOAD] Resume validated and queued for processing
[2026-08-12 16:05:56] [INFO] [RESUME_UPLOAD] Resume validated and queued for processing
[2026-08-12 16:05:56] [INFO] [RESUME_UPLOAD] Resume validated and queued for processing
[2026-08-12 16:05:56] [INFO] [RESUME_UPLOAD] Resume validated and queued for processing
[2026-08-12 16:05:56] [INFO] [RESUME_UPLOAD] Resume validated and queued for processing
[2026-08-12 16:05:56] [INFO] [RESUME_UPLOAD] Resume validated and queued for processing
[2026-08-12 16:05:56] [INFO] [RESUME_UPLOAD] Resume validated and queued for processing
[2026-08-12 16:05:56] [INFO] [RESUME_UPLOAD] Resume validated and queued for processing
[2026-08-12 16:05:56] [INFO] [RESUME_UPLOAD] Resume validated and queued for processing
[2026-08-12 16:05:56] [INFO] [RESUME_UPLOAD] Resume validated and queued for processing
[2026-08-12 16:05:56] [ERROR] [RESUME_UPLOAD] Resume queue capacity reached
[2026-08-12 16:05:56] [INFO] [RESUME_UPLOAD] Bulk resume scan completed
[2026-08-12 16:05:56] [WARNING] [RESUME_UPLOAD] Resume rejected: file exceeds 5 MB limit
[2026-08-12 16:05:56] [INFO] [COVERAGE] info message
[2026-08-12 16:05:56] [WARNING] [COVERAGE] warning message
[2026-08-12 16:05:56] [ERROR] [COVERAGE] error message
[2026-08-12 16:05:56] [INFO] [GENERAL] 
[2026-08-12 16:05:56] [WARNING] [GENERAL] 
[2026-08-12 16:05:56] [ERROR] [GENERAL] 
[2026-08-12 16:05:56] [INFO] [SYSTEM] HR Resume Screening System logger closed
[2026-08-12 16:05:56] [INFO] [COVERAGE] lazy reopen
[2026-08-12 16:05:56] [INFO] [SYSTEM] HR Resume Screening System logger closed
[2026-08-12 16:05:56] [INFO] [REPORT] CSV report generated with explainable score components
[2026-08-12 16:05:56] [INFO] [REPORT] TXT report generated with score breakdown
[2026-08-12 16:05:56] [INFO] [REPORT] Full report generated with automatic shortlist threshold and status
[2026-08-12 16:05:56] [ERROR] [REPORT] CSV report file could not be opened
[2026-08-12 16:05:56] [ERROR] [REPORT] TXT report file could not be opened
[2026-08-12 16:05:56] [INFO] [REPORT] CSV report generated with explainable score components
[2026-08-12 16:05:56] [INFO] [REPORT] TXT report generated with score breakdown
[2026-08-12 16:05:56] [INFO] [REPORT] Full report generated with automatic shortlist threshold and status
[2026-08-12 16:05:56] [INFO] [RESUME_PROCESSING] Resume processing started
[2026-08-12 16:05:56] [INFO] [RESUME_PROCESSING] TXT resume read successfully
[2026-08-12 16:05:56] [ERROR] [RESUME_PROCESSING] ReadResume called with empty path
[2026-08-12 16:05:56] [ERROR] [RESUME_PROCESSING] ReadResume called with empty path
[2026-08-12 16:05:56] [WARNING] [RESUME_PROCESSING] Resume is empty or unavailable
[2026-08-12 16:05:56] [WARNING] [RESUME_PROCESSING] Resume is empty or unavailable
[2026-08-12 16:05:56] [INFO] [RESUME_PROCESSING] Resume processing started
[2026-08-12 16:05:56] [INFO] [PDF_PROCESSING] PDF text extraction started
[2026-08-12 16:05:56] [ERROR] [PDF_PROCESSING] PDF text extraction failed
[2026-08-12 16:05:56] [WARNING] [RESUME_PROCESSING] Resume exceeds 5 MB processing limit
[2026-08-12 16:05:56] [INFO] [THREAD_POOL] Worker 140068302853824 started resume: tests_tmp_cov/missing.txt
[2026-08-12 16:05:56] [WARNING] [RESUME_PROCESSING] Resume is empty or unavailable
[2026-08-12 16:05:56] [ERROR] [THREAD_POOL] Worker 140068302853824 failed to read resume: tests_tmp_cov/missing.txt
[2026-08-12 16:05:56] [INFO] [THREAD_POOL] Worker 140068302853824 started resume: tests_tmp_cov/resume.txt
[2026-08-12 16:05:56] [INFO] [RESUME_PROCESSING] Resume processing started
[2026-08-12 16:05:56] [INFO] [RESUME_PROCESSING] TXT resume read successfully
[2026-08-12 16:05:56] [INFO] [THREAD_POOL] Worker 140068302853824 completed preprocessing: tests_tmp_cov/resume.txt
[2026-08-12 16:05:56] [INFO] [THREAD_POOL] Parallel resume stage completed: 2 resume(s), 1 worker thread(s)
[2026-08-12 16:05:56] [WARNING] [SHORTLIST] Rejected invalid shortlist threshold; valid range is 0-100
[2026-08-12 16:05:56] [WARNING] [SHORTLIST] Rejected invalid shortlist threshold; valid range is 0-100
[2026-08-12 16:05:56] [INFO] [SHORTLIST] HR shortlist threshold set to 70%
[2026-08-12 16:05:56] [INFO] [SHORTLIST] HR shortlist threshold set to 70%
[2026-08-12 16:05:56] [INFO] [SHORTLIST] Automatic shortlisting completed: 1 of 2 candidate(s) scored >= 70%
[2026-08-12 16:05:56] [INFO] [SHORTLIST] Automatic shortlist file generated
[2026-08-12 16:05:56] [INFO] [SHORTLIST] Automatic shortlist file generated
[2026-08-12 16:05:56] [WARNING] [AUTH] Signup rejected: invalid email format
[2026-08-12 16:05:56] [WARNING] [AUTH] Signup rejected: invalid email format
[2026-08-12 16:05:56] [WARNING] [AUTH] Signup rejected: password policy violation
[2026-08-12 16:05:56] [WARNING] [AUTH] Signup rejected: invalid email format
[2026-08-12 16:05:56] [WARNING] [AUTH] Signup rejected: invalid email format
[2026-08-12 16:05:56] [WARNING] [AUTH] Signup rejected: invalid email format
[2026-08-12 16:05:56] [WARNING] [AUTH] Signup rejected: invalid email format
[2026-08-12 16:05:56] [WARNING] [AUTH] Signup rejected: invalid email format
[2026-08-12 16:05:56] [WARNING] [AUTH] Login rejected: invalid email format
[2026-08-12 16:05:56] [INFO] [AUTH] Signup successful; credential stored with unique salt and SHA-256 hash
[2026-08-12 16:05:56] [WARNING] [AUTH] Signup rejected: duplicate email
[2026-08-12 16:05:56] [WARNING] [AUTH] Login failed: invalid credentials
[2026-08-12 16:05:56] [INFO] [AUTH] Login successful
[2026-08-12 16:05:56] [INFO] [AUTH] User logout successful
[2026-08-12 16:05:56] [WARNING] [AUTH] Logout requested with no active session
[2026-08-12 16:05:56] [WARNING] [AUTH] Password change failed: old password incorrect or user not found
[2026-08-12 16:05:56] [INFO] [AUTH] Password changed successfully with a new salt
[2026-08-12 16:05:56] [INFO] [AUTH] Login successful
[2026-08-12 16:05:56] [INFO] [AUTH] User logout successful
[2026-08-12 16:05:56] [WARNING] [AUTH] Password change rejected: validation failed
[2026-08-12 16:05:56] [INFO] [AUTH] Signup successful; credential stored with unique salt and SHA-256 hash
[2026-08-12 16:05:56] [INFO] [AUTH] Signup successful; credential stored with unique salt and SHA-256 hash
[2026-08-12 16:05:56] [WARNING] [AUTH] Signup rejected: duplicate email
[2026-08-12 16:05:56] [INFO] [AUTH] Signup successful; credential stored with unique salt and SHA-256 hash
[2026-08-12 16:05:56] [INFO] [AUTH] Signup successful; credential stored with unique salt and SHA-256 hash
[2026-08-12 16:05:56] [INFO] [AUTH] Signup successful; credential stored with unique salt and SHA-256 hash
[2026-08-12 16:05:56] [INFO] [AUTH] Signup successful; credential stored with unique salt and SHA-256 hash
[2026-08-12 16:05:56] [WARNING] [AUTH] Signup rejected: duplicate email
[2026-08-12 16:05:56] [WARNING] [AUTH] Signup rejected: invalid email format
[2026-08-12 16:05:56] [WARNING] [AUTH] Signup rejected: invalid email format
[2026-08-12 16:05:56] [WARNING] [AUTH] Signup rejected: invalid email format
[2026-08-12 16:05:56] [WARNING] [AUTH] Signup rejected: invalid email format
[2026-08-12 16:05:56] [WARNING] [AUTH] Signup rejected: invalid email format
[2026-08-12 16:05:56] [WARNING] [AUTH] Signup rejected: invalid email format
[2026-08-12 16:05:56] [WARNING] [AUTH] Signup rejected: invalid email format
[2026-08-12 16:05:56] [WARNING] [AUTH] Signup rejected: password policy violation
[2026-08-12 16:05:56] [INFO] [AUTH] Signup successful; credential stored with unique salt and SHA-256 hash
[2026-08-12 16:05:56] [INFO] [AUTH] Login successful
[2026-08-12 16:05:56] [INFO] [AUTH] Signup successful; credential stored with unique salt and SHA-256 hash
[2026-08-12 16:05:56] [WARNING] [AUTH] Login failed: invalid credentials
[2026-08-12 16:05:56] [INFO] [AUTH] Signup successful; credential stored with unique salt and SHA-256 hash
[2026-08-12 16:05:56] [WARNING] [AUTH] Login failed: invalid credentials
[2026-08-12 16:05:56] [INFO] [AUTH] Signup successful; credential stored with unique salt and SHA-256 hash
[2026-08-12 16:05:56] [INFO] [AUTH] Login successful
[2026-08-12 16:05:56] [INFO] [AUTH] Signup successful; credential stored with unique salt and SHA-256 hash
[2026-08-12 16:05:56] [INFO] [AUTH] Login successful
[2026-08-12 16:05:56] [INFO] [AUTH] User logout successful
[2026-08-12 16:05:56] [INFO] [AUTH] Signup successful; credential stored with unique salt and SHA-256 hash
[2026-08-12 16:05:56] [INFO] [AUTH] Password changed successfully with a new salt
[2026-08-12 16:05:56] [INFO] [AUTH] Login successful
[2026-08-12 16:05:56] [WARNING] [AUTH] Login failed: invalid credentials
[2026-08-12 16:05:56] [INFO] [AUTH] Signup successful; credential stored with unique salt and SHA-256 hash
[2026-08-12 16:05:56] [WARNING] [AUTH] Password change failed: old password incorrect or user not found
[2026-08-12 16:05:56] [INFO] [AUTH] Login successful
[2026-08-12 16:05:57] [INFO] [SCORING] Score explanation: Skill=50/50, Experience=6/15, Education=10/10, Projects=14/20, Certifications=2/5, Final=82/100
[2026-08-12 16:05:57] [INFO] [SCORING] Score explanation: Skill=50/50, Experience=15/15, Education=10/10, Projects=20/20, Certifications=5/5, Final=100/100
[2026-08-12 16:05:57] [INFO] [SHORTLIST] HR shortlist threshold set to 70%
[2026-08-12 16:05:57] [INFO] [SHORTLIST] Automatic shortlisting completed: 2 of 3 candidate(s) scored >= 70%
[2026-08-12 16:05:57] [WARNING] [SHORTLIST] Rejected invalid shortlist threshold; valid range is 0-100
[2026-08-12 16:05:57] [WARNING] [SHORTLIST] Rejected invalid shortlist threshold; valid range is 0-100
[2026-08-12 16:05:57] [INFO] [SHORTLIST] HR shortlist threshold set to 0%
[2026-08-12 16:05:57] [INFO] [SHORTLIST] Automatic shortlisting completed: 3 of 3 candidate(s) scored >= 0%
[2026-08-12 16:05:57] [INFO] [THREAD_POOL] Worker 140068302853824 started resume: tests/fixtures/resume_strong.txt
[2026-08-12 16:05:57] [INFO] [THREAD_POOL] Worker 140068294461120 started resume: tests/fixtures/resume_weak.txt
[2026-08-12 16:05:57] [INFO] [THREAD_POOL] Worker 140068211652288 started resume: tests/fixtures/resume_strong.txt
[2026-08-12 16:05:57] [INFO] [RESUME_PROCESSING] Resume processing started
[2026-08-12 16:05:57] [INFO] [RESUME_PROCESSING] Resume processing started
[2026-08-12 16:05:57] [INFO] [RESUME_PROCESSING] Resume processing started
[2026-08-12 16:05:57] [INFO] [RESUME_PROCESSING] TXT resume read successfully
[2026-08-12 16:05:57] [INFO] [RESUME_PROCESSING] TXT resume read successfully
[2026-08-12 16:05:57] [INFO] [RESUME_PROCESSING] TXT resume read successfully
[2026-08-12 16:05:57] [INFO] [THREAD_POOL] Worker 140068211652288 completed preprocessing: tests/fixtures/resume_strong.txt
[2026-08-12 16:05:57] [INFO] [THREAD_POOL] Worker 140068294461120 completed preprocessing: tests/fixtures/resume_weak.txt
[2026-08-12 16:05:57] [INFO] [THREAD_POOL] Worker 140068302853824 completed preprocessing: tests/fixtures/resume_strong.txt
[2026-08-12 16:05:57] [INFO] [THREAD_POOL] Parallel resume stage completed: 3 resume(s), 3 worker thread(s)
[2026-08-12 16:05:57] [INFO] [THREAD_POOL] Worker 140068211652288 started resume: tests/fixtures/resume_strong.txt
[2026-08-12 16:05:57] [INFO] [THREAD_POOL] Worker 140068294461120 started resume: tests/fixtures/resume_weak.txt
[2026-08-12 16:05:57] [INFO] [RESUME_PROCESSING] Resume processing started
[2026-08-12 16:05:57] [INFO] [RESUME_PROCESSING] Resume processing started
[2026-08-12 16:05:57] [INFO] [RESUME_PROCESSING] TXT resume read successfully
[2026-08-12 16:05:57] [INFO] [THREAD_POOL] Worker 140068211652288 completed preprocessing: tests/fixtures/resume_strong.txt
[2026-08-12 16:05:57] [INFO] [RESUME_PROCESSING] TXT resume read successfully
[2026-08-12 16:05:57] [INFO] [THREAD_POOL] Worker 140068294461120 completed preprocessing: tests/fixtures/resume_weak.txt
[2026-08-12 16:05:57] [INFO] [THREAD_POOL] Parallel resume stage completed: 2 resume(s), 2 worker thread(s)
[2026-08-12 16:05:57] [INFO] [RESUME_PROCESSING] Resume processing started
[2026-08-12 16:05:57] [INFO] [RESUME_PROCESSING] TXT resume read successfully
[2026-08-12 16:05:57] [INFO] [SCORING] Score explanation: Skill=40/50, Experience=9/15, Education=10/10, Projects=20/20, Certifications=2/5, Final=81/100
[2026-08-12 16:05:57] [INFO] [RESUME_PROCESSING] Resume processing started
[2026-08-12 16:05:57] [INFO] [RESUME_PROCESSING] TXT resume read successfully
[2026-08-12 16:05:57] [INFO] [SCORING] Score explanation: Skill=50/50, Experience=12/15, Education=10/10, Projects=20/20, Certifications=2/5, Final=94/100
[2026-08-12 16:05:57] [INFO] [RESUME_PROCESSING] Resume processing started
[2026-08-12 16:05:57] [INFO] [RESUME_PROCESSING] TXT resume read successfully
[2026-08-12 16:05:57] [INFO] [SCORING] Score explanation: Skill=0/50, Experience=0/15, Education=10/10, Projects=7/20, Certifications=0/5, Final=17/100
[2026-08-12 16:05:57] [INFO] [SHORTLIST] HR shortlist threshold set to 70%
[2026-08-12 16:05:57] [INFO] [SHORTLIST] Automatic shortlisting completed: 1 of 2 candidate(s) scored >= 70%
[2026-08-12 16:05:57] [INFO] [RESUME_PROCESSING] Resume processing started
[2026-08-12 16:05:57] [INFO] [RESUME_PROCESSING] TXT resume read successfully
[2026-08-12 16:05:57] [INFO] [SCORING] Score explanation: Skill=50/50, Experience=12/15, Education=10/10, Projects=20/20, Certifications=2/5, Final=94/100
[2026-08-12 16:05:57] [INFO] [RESUME_PROCESSING] Resume processing started
[2026-08-12 16:05:57] [INFO] [RESUME_PROCESSING] TXT resume read successfully
[2026-08-12 16:05:57] [INFO] [SCORING] Score explanation: Skill=0/50, Experience=0/15, Education=10/10, Projects=7/20, Certifications=0/5, Final=17/100
[2026-08-12 16:05:57] [INFO] [SHORTLIST] HR shortlist threshold set to 70%
[2026-08-12 16:05:57] [INFO] [SHORTLIST] Automatic shortlisting completed: 1 of 2 candidate(s) scored >= 70%
[2026-08-12 16:05:57] [INFO] [SHORTLIST] Automatic shortlist file generated
[2026-08-12 16:05:57] [INFO] [REPORT] CSV report generated with explainable score components
[2026-08-12 16:05:57] [INFO] [REPORT] TXT report generated with score breakdown
[2026-08-12 16:05:57] [INFO] [RESUME_PROCESSING] Resume processing started
[2026-08-12 16:05:57] [INFO] [RESUME_PROCESSING] TXT resume read successfully
[2026-08-12 16:05:57] [INFO] [SCORING] Score explanation: Skill=50/50, Experience=12/15, Education=10/10, Projects=20/20, Certifications=2/5, Final=94/100
[2026-08-12 16:05:57] [INFO] [RESUME_PROCESSING] Resume processing started
[2026-08-12 16:05:57] [INFO] [RESUME_PROCESSING] TXT resume read successfully
[2026-08-12 16:05:57] [INFO] [SCORING] Score explanation: Skill=0/50, Experience=0/15, Education=10/10, Projects=7/20, Certifications=0/5, Final=17/100
[2026-08-12 16:05:57] [INFO] [SHORTLIST] HR shortlist threshold set to 70%
[2026-08-12 16:05:57] [INFO] [SHORTLIST] Automatic shortlisting completed: 1 of 2 candidate(s) scored >= 70%
[2026-08-12 16:05:57] [INFO] [AUTH] Signup successful; credential stored with unique salt and SHA-256 hash
[2026-08-12 16:05:57] [INFO] [AUTH] Login successful
[2026-08-12 16:05:57] [INFO] [AUTH] Password changed successfully with a new salt
[2026-08-12 16:05:57] [INFO] [AUTH] User logout successful
[2026-08-12 16:05:57] [WARNING] [AUTH] Login failed: invalid credentials
[2026-08-12 16:05:57] [INFO] [AUTH] Login successful
[2026-08-12 16:05:57] [INFO] [AUTH] User logout successful
[2026-08-12 16:05:57] [INFO] [AUTH] Signup successful; credential stored with unique salt and SHA-256 hash
[2026-08-12 16:05:57] [INFO] [AUTH] Login successful
[2026-08-12 16:05:57] [INFO] [AUTH] Password changed successfully with a new salt
[2026-08-12 16:05:57] [INFO] [AUTH] User logout successful
[2026-08-12 16:05:57] [INFO] [AUTH] Login successful
[2026-08-12 16:05:57] [INFO] [THREAD_POOL] Worker 140068294461120 started resume: tests/fixtures/resume_strong.txt
[2026-08-12 16:05:57] [INFO] [THREAD_POOL] Worker 140068211652288 started resume: tests/fixtures/resume_weak.txt
[2026-08-12 16:05:57] [INFO] [THREAD_POOL] Worker 140068302853824 started resume: tests/fixtures/resume_strong.txt
[2026-08-12 16:05:57] [INFO] [THREAD_POOL] Worker 140068203259584 started resume: tests/fixtures/resume_weak.txt
[2026-08-12 16:05:57] [INFO] [RESUME_PROCESSING] Resume processing started
[2026-08-12 16:05:57] [INFO] [RESUME_PROCESSING] Resume processing started
[2026-08-12 16:05:57] [INFO] [RESUME_PROCESSING] Resume processing started
[2026-08-12 16:05:57] [INFO] [RESUME_PROCESSING] Resume processing started
[2026-08-12 16:05:57] [INFO] [RESUME_PROCESSING] TXT resume read successfully
[2026-08-12 16:05:57] [INFO] [RESUME_PROCESSING] TXT resume read successfully
[2026-08-12 16:05:57] [INFO] [RESUME_PROCESSING] TXT resume read successfully
[2026-08-12 16:05:57] [INFO] [THREAD_POOL] Worker 140068294461120 completed preprocessing: tests/fixtures/resume_strong.txt
[2026-08-12 16:05:57] [INFO] [THREAD_POOL] Worker 140068302853824 completed preprocessing: tests/fixtures/resume_strong.txt
[2026-08-12 16:05:57] [INFO] [THREAD_POOL] Worker 140068203259584 completed preprocessing: tests/fixtures/resume_weak.txt
[2026-08-12 16:05:57] [INFO] [RESUME_PROCESSING] TXT resume read successfully
[2026-08-12 16:05:57] [INFO] [THREAD_POOL] Worker 140068211652288 completed preprocessing: tests/fixtures/resume_weak.txt
[2026-08-12 16:05:57] [INFO] [THREAD_POOL] Parallel resume stage completed: 4 resume(s), 4 worker thread(s)
=======
[2026-08-11 16:33:24] [INFO] [SYSTEM] HR Resume Screening System logger initialized
[2026-08-11 16:33:24] [INFO] [SYSTEM] Application started
[2026-08-11 16:33:24] [INFO] [AUTH] Application ready; awaiting signup or login
[2026-08-11 16:33:47] [INFO] [AUTH] Signup successful; credential stored with unique salt and SHA-256 hash
[2026-08-11 16:33:47] [WARNING] [AUTH] Login failed: invalid credentials
[2026-08-11 16:34:14] [INFO] [AUTH] Signup successful; credential stored with unique salt and SHA-256 hash
[2026-08-11 16:34:14] [INFO] [AUTH] Signup completed; redirecting user to login
[2026-08-11 16:34:33] [INFO] [AUTH] Login successful
[2026-08-11 16:34:33] [INFO] [MENU] HR main menu opened after successful login
[2026-08-11 16:37:27] [INFO] [RESUME_UPLOAD] Bulk resume scan completed
[2026-08-11 16:37:59] [INFO] [THREAD_POOL] Worker 140245166929600 started resume: data/resumes_pdf/Vaishnavi_M_resume.pdf
[2026-08-11 16:37:59] [INFO] [RESUME_PROCESSING] Resume processing started
[2026-08-11 16:37:59] [INFO] [PDF_PROCESSING] PDF text extraction started
[2026-08-11 16:37:59] [INFO] [PDF_PROCESSING] PDF text extraction completed
[2026-08-11 16:37:59] [INFO] [THREAD_POOL] Worker 140245166929600 completed preprocessing: data/resumes_pdf/Vaishnavi_M_resume.pdf
[2026-08-11 16:37:59] [INFO] [THREAD_POOL] Parallel resume stage completed: 1 resume(s), 1 worker thread(s)
[2026-08-11 16:37:59] [INFO] [SCORING] Score explanation: Skill=31/50, Experience=0/15, Education=10/10, Projects=20/20, Certifications=5/5, Final=66/100
[2026-08-11 16:38:09] [INFO] [SHORTLIST] HR shortlist threshold set to 60%
[2026-08-11 16:38:09] [INFO] [SHORTLIST] Automatic shortlisting completed: 1 of 1 candidate(s) scored >= 60%
[2026-08-11 16:38:09] [INFO] [SHORTLIST] Automatic shortlist file generated
[2026-08-11 16:38:09] [INFO] [REPORT] CSV report generated with explainable score components
[2026-08-11 16:38:09] [INFO] [REPORT] TXT report generated with score breakdown
[2026-08-11 16:38:09] [INFO] [REPORT] Full report generated with automatic shortlist threshold and status
[2026-08-11 16:38:22] [INFO] [REPORT] CSV report generated with explainable score components
[2026-08-11 16:38:22] [INFO] [REPORT] TXT report generated with score breakdown
[2026-08-11 16:38:22] [INFO] [REPORT] Full report generated with automatic shortlist threshold and status
[2026-08-11 16:38:29] [INFO] [AUTH] User logout successful
[2026-08-11 16:39:38] [WARNING] [MENU] Invalid main menu choice
>>>>>>> 931690db4b496c0f25d92c94054677714538d9fa
